fileName,cilium,cilium_shape,cilium_projection_area_in_pixels,cilium_projection_area_in_um2,number_of_z_stack_layers,lowest_cilium_layer,uppermost_cilium_layer,vertical_length_in_layers,vertical_length_in_um,horizontal_length_in_pixels,horizontal_length_in_um,total_length_in_um,to_be_removed
190730_EV38_1_Collagen_ITSwithAsc+Dexa+IGF+TGF_63x_zstack_1.czi,1,TRUE,40,1.9,16,1,7,7,1.97,9,1.98,2.8,
190730_EV38_1_Collagen_ITSwithAsc+Dexa+IGF+TGF_63x_zstack_1.czi,2,TRUE,53,2.6,16,1,6,6,1.69,10.5,2.32,2.87,
190730_EV38_1_Collagen_ITSwithAsc+Dexa+IGF+TGF_63x_zstack_1.czi,3,TRUE,38,1.8,16,1,6,6,1.69,9.2,2.03,2.64,
190730_EV38_1_Collagen_ITSwithAsc+Dexa+IGF+TGF_63x_zstack_1.czi,4,TRUE,33,1.6,16,1,7,7,1.97,7.7,1.69,2.6,
190730_EV38_1_Collagen_ITSwithAsc+Dexa+IGF+TGF_63x_zstack_1.czi,5,TRUE,39,1.9,16,1,8,8,2.25,8.6,1.9,2.94,
190730_EV38_1_Collagen_ITSwithAsc+Dexa+IGF+TGF_63x_zstack_1.czi,6,TRUE,21,1,16,6,13,8,2.25,8,1.77,2.86,
190730_EV38_1_Collagen_ITSwithAsc+Dexa+IGF+TGF_63x_zstack_1.czi,7,TRUE,49,2.4,16,1,8,8,2.25,12.4,2.72,3.53,
190730_EV38_1_Collagen_ITSwithAsc+Dexa+IGF+TGF_63x_zstack_1.czi,8,TRUE,43,2.1,16,1,9,9,2.53,8,1.76,3.08,
190730_EV38_1_Collagen_ITSwithAsc+Dexa+IGF+TGF_63x_zstack_1.czi,9,TRUE,26,1.3,16,1,5,5,1.41,8.1,1.78,2.27,
190730_EV38_1_Collagen_ITSwithAsc+Dexa+IGF+TGF_63x_zstack_1.czi,10,TRUE,36,1.7,16,1,7,7,1.97,9.2,2.02,2.82,
190730_EV38_1_Collagen_ITSwithAsc+Dexa+IGF+TGF_63x_zstack_1.czi,11,TRUE,52,2.5,16,1,12,12,3.38,10.3,2.27,4.07,
190730_EV38_1_Collagen_ITSwithAsc+Dexa+IGF+TGF_63x_zstack_1.czi,12,TRUE,31,1.5,16,1,8,8,2.25,7.6,1.68,2.81,
190730_EV38_1_Collagen_ITSwithAsc+Dexa+IGF+TGF_63x_zstack_1.czi,13,TRUE,43,2.1,16,1,9,9,2.53,9.3,2.05,3.26,
190730_EV38_1_Collagen_ITSwithAsc+Dexa+IGF+TGF_63x_zstack_1.czi,14,TRUE,26,1.3,16,1,9,9,2.53,8.4,1.84,3.13,
190730_EV38_1_Collagen_ITSwithAsc+Dexa+IGF+TGF_63x_zstack_1.czi,15,TRUE,61,2.9,16,1,11,11,3.1,10.4,2.28,3.84,
190730_EV38_1_Collagen_ITSwithAsc+Dexa+IGF+TGF_63x_zstack_1.czi,16,TRUE,21,1,16,1,7,7,1.97,7,1.54,2.5,
190730_EV38_1_Collagen_ITSwithAsc+Dexa+IGF+TGF_63x_zstack_1.czi,17,TRUE,28,1.4,16,1,9,9,2.53,9,1.98,3.22,
190730_EV38_1_Collagen_ITSwithAsc+Dexa+IGF+TGF_63x_zstack_1.czi,18,TRUE,19,0.9,16,1,5,5,1.41,6.2,1.36,1.96,
190730_EV38_1_Collagen_ITSwithAsc+Dexa+IGF+TGF_63x_zstack_1.czi,19,TRUE,35,1.7,16,1,8,8,2.25,8.9,1.95,2.98,
190730_EV38_1_Collagen_ITSwithAsc+Dexa+IGF+TGF_63x_zstack_1.czi,20,TRUE,51,2.5,16,1,10,10,2.81,12.2,2.69,3.89,
190730_EV38_1_Collagen_ITSwithAsc+Dexa+IGF+TGF_63x_zstack_1.czi,21,TRUE,34,1.6,16,1,9,9,2.53,8.3,1.82,3.12,
190730_EV38_1_Collagen_ITSwithAsc+Dexa+IGF+TGF_63x_zstack_1.czi,22,TRUE,36,1.7,16,1,9,9,2.53,11.1,2.44,3.52,
190730_EV38_1_Collagen_ITSwithAsc+Dexa+IGF+TGF_63x_zstack_1.czi,23,FALSE,22,1.1,16,1,8,8,2.25,6,1.33,2.61,
190730_EV38_1_Collagen_ITSwithAsc+Dexa+IGF+TGF_63x_zstack_1.czi,24,TRUE,32,1.5,16,1,8,8,2.25,8,1.76,2.86,
190730_EV38_1_Collagen_ITSwithAsc+Dexa+IGF+TGF_63x_zstack_1.czi,25,TRUE,26,1.3,16,4,12,9,2.53,9.6,2.12,3.3,
190730_EV38_1_Collagen_ITSwithAsc+Dexa+IGF+TGF_63x_zstack_1.czi,26,TRUE,14,0.7,16,5,10,6,1.69,5.1,1.11,2.02,
190730_EV38_1_Collagen_ITSwithAsc+Dexa+IGF+TGF_63x_zstack_1.czi,27,TRUE,51,2.5,16,1,9,9,2.53,12.1,2.67,3.68,
190730_EV38_1_Collagen_ITSwithAsc+Dexa+IGF+TGF_63x_zstack_1.czi,28,TRUE,42,2,16,1,9,9,2.53,11.6,2.54,3.59,
190730_EV38_1_Collagen_ITSwithAsc+Dexa+IGF+TGF_63x_zstack_2.czi,1,TRUE,32,1.5,28,10,25,16,4.5,9.6,2.11,4.97,yes
190730_EV38_1_Collagen_ITSwithAsc+Dexa+IGF+TGF_63x_zstack_2.czi,2,TRUE,45,2.2,28,11,23,13,3.66,10.7,2.36,4.35,
190730_EV38_1_Collagen_ITSwithAsc+Dexa+IGF+TGF_63x_zstack_2.czi,3,TRUE,32,1.5,28,12,23,12,3.38,7.1,1.55,3.72,
190730_EV38_1_Collagen_ITSwithAsc+Dexa+IGF+TGF_63x_zstack_2.czi,4,TRUE,30,1.4,28,14,24,11,3.1,7,1.55,3.46,
190730_EV38_1_Collagen_ITSwithAsc+Dexa+IGF+TGF_63x_zstack_2.czi,5,TRUE,27,1.3,28,15,21,7,1.97,11,2.42,3.12,
190730_EV38_1_Collagen_ITSwithAsc+Dexa+IGF+TGF_63x_zstack_2.czi,6,TRUE,40,1.9,28,13,23,11,3.1,10.5,2.31,3.86,
190730_EV38_1_Collagen_ITSwithAsc+Dexa+IGF+TGF_63x_zstack_2.czi,7,TRUE,36,1.7,28,15,25,11,3.1,8.3,1.83,3.6,
190730_EV38_1_Collagen_ITSwithAsc+Dexa+IGF+TGF_63x_zstack_2.czi,8,TRUE,46,2.2,28,12,23,12,3.38,12,2.65,4.29,
190730_EV38_1_Collagen_ITSwithAsc+Dexa+IGF+TGF_63x_zstack_2.czi,9,TRUE,39,1.9,28,13,22,10,2.81,10.4,2.28,3.62,
190730_EV38_1_Collagen_ITSwithAsc+Dexa+IGF+TGF_63x_zstack_2.czi,10,TRUE,32,1.5,28,12,22,11,3.1,7.6,1.67,3.52,
190730_EV38_1_Collagen_ITSwithAsc+Dexa+IGF+TGF_63x_zstack_2.czi,11,TRUE,27,1.3,28,13,22,10,2.81,7.7,1.7,3.29,
190730_EV38_1_Collagen_ITSwithAsc+Dexa+IGF+TGF_63x_zstack_2.czi,12,TRUE,31,1.5,28,12,25,14,3.94,7.4,1.63,4.26,
190730_EV38_1_Collagen_ITSwithAsc+Dexa+IGF+TGF_63x_zstack_2.czi,13,TRUE,25,1.2,28,18,27,10,2.81,7.1,1.56,3.22,
190730_EV38_1_Collagen_ITSwithAsc+Dexa+IGF+TGF_63x_zstack_2.czi,14,TRUE,40,1.9,28,13,23,11,3.1,10.6,2.34,3.88,
190730_EV38_1_Collagen_ITSwithAsc+Dexa+IGF+TGF_63x_zstack_2.czi,15,TRUE,37,1.8,28,14,24,11,3.1,9.3,2.03,3.7,
190730_EV38_1_Collagen_ITSwithAsc+Dexa+IGF+TGF_63x_zstack_2.czi,16,TRUE,28,1.4,28,13,22,10,2.81,6.4,1.4,3.14,
190730_EV38_1_Collagen_ITSwithAsc+Dexa+IGF+TGF_63x_zstack_2.czi,17,TRUE,43,2.1,28,16,26,11,3.1,9.4,2.07,3.72,
190730_EV38_1_Collagen_ITSwithAsc+Dexa+IGF+TGF_63x_zstack_2.czi,18,TRUE,27,1.3,28,13,23,11,3.1,7.6,1.67,3.52,
190730_EV38_1_Collagen_ITSwithAsc+Dexa+IGF+TGF_63x_zstack_2.czi,19,FALSE,19,0.9,28,15,23,9,2.53,5,1.1,2.76,
190730_EV38_1_Collagen_ITSwithAsc+Dexa+IGF+TGF_63x_zstack_2.czi,20,TRUE,28,1.4,28,15,24,10,2.81,8.2,1.8,3.34,
190730_EV38_1_Collagen_ITSwithAsc+Dexa+IGF+TGF_63x_zstack_2.czi,21,TRUE,40,1.9,28,16,25,10,2.81,10.2,2.24,3.6,
190730_EV38_1_Collagen_ITSwithAsc+Dexa+IGF+TGF_63x_zstack_2.czi,22,TRUE,18,0.9,28,15,21,7,1.97,5,1.11,2.26,
190730_EV38_1_Collagen_ITSwithAsc+Dexa+IGF+TGF_63x_zstack_2.czi,23,TRUE,42,2,28,14,25,12,3.38,10.6,2.34,4.11,
190730_EV38_1_Collagen_ITSwithAsc+Dexa+IGF+TGF_63x_zstack_2.czi,24,FALSE,28,1.4,28,14,24,11,3.1,6,1.32,3.36,
190730_EV38_1_Collagen_ITSwithAsc+Dexa+IGF+TGF_63x_zstack_2.czi,25,TRUE,20,1,28,15,21,7,1.97,8,1.76,2.64,
190730_EV38_1_Collagen_ITSwithAsc+Dexa+IGF+TGF_63x_zstack_2.czi,26,TRUE,43,2.1,28,14,26,13,3.66,10.1,2.21,4.27,
190730_EV38_1_Collagen_ITSwithAsc+Dexa+IGF+TGF_63x_zstack_2.czi,27,TRUE,41,2,28,17,26,10,2.81,11.5,2.52,3.78,
190731_EV38_1_Collagen_ITSwithAsc+Dexa+IGF+TGF_63x_zstack_1.czi,1,TRUE,21,1,27,11,18,8,2.25,9.1,2,3.01,
190731_EV38_1_Collagen_ITSwithAsc+Dexa+IGF+TGF_63x_zstack_1.czi,2,TRUE,27,1.3,27,10,19,10,2.81,9.7,2.12,3.52,
190731_EV38_1_Collagen_ITSwithAsc+Dexa+IGF+TGF_63x_zstack_1.czi,3,TRUE,27,1.3,27,11,20,10,2.81,8,1.76,3.32,
190731_EV38_1_Collagen_ITSwithAsc+Dexa+IGF+TGF_63x_zstack_1.czi,4,TRUE,42,2,27,10,21,12,3.38,10.5,2.32,4.1,
190731_EV38_1_Collagen_ITSwithAsc+Dexa+IGF+TGF_63x_zstack_1.czi,5,TRUE,36,1.7,27,17,26,10,2.81,9.8,2.15,3.54,
190731_EV38_1_Collagen_ITSwithAsc+Dexa+IGF+TGF_63x_zstack_1.czi,6,TRUE,26,1.3,27,13,23,11,3.1,6.8,1.5,3.44,
190731_EV38_1_Collagen_ITSwithAsc+Dexa+IGF+TGF_63x_zstack_1.czi,7,TRUE,32,1.5,27,12,21,10,2.81,10.1,2.21,3.58,
190731_EV38_1_Collagen_ITSwithAsc+Dexa+IGF+TGF_63x_zstack_1.czi,8,TRUE,26,1.3,27,12,19,8,2.25,7,1.54,2.73,
190731_EV38_1_Collagen_ITSwithAsc+Dexa+IGF+TGF_63x_zstack_1.czi,9,TRUE,27,1.3,27,12,20,9,2.53,7,1.54,2.96,
190731_EV38_1_Collagen_ITSwithAsc+Dexa+IGF+TGF_63x_zstack_1.czi,10,TRUE,28,1.4,27,12,21,10,2.81,8.3,1.81,3.35,
190731_EV38_1_Collagen_ITSwithAsc+Dexa+IGF+TGF_63x_zstack_1.czi,11,TRUE,19,0.9,27,15,24,10,2.81,5,1.11,3.02,
190731_EV38_1_Collagen_ITSwithAsc+Dexa+IGF+TGF_63x_zstack_1.czi,12,TRUE,25,1.2,27,12,21,10,2.81,8,1.76,3.32,
190731_EV38_1_Collagen_ITSwithAsc+Dexa+IGF+TGF_63x_zstack_1.czi,13,TRUE,48,2.3,27,12,23,12,3.38,11.1,2.43,4.16,
190731_EV38_1_Collagen_ITSwithAsc+Dexa+IGF+TGF_63x_zstack_1.czi,14,TRUE,32,1.5,27,14,23,10,2.81,8.4,1.83,3.36,
190731_EV38_1_Collagen_ITSwithAsc+Dexa+IGF+TGF_63x_zstack_1.czi,15,TRUE,38,1.8,27,17,27,11,3.1,8.7,1.91,3.64,
190731_EV38_1_Collagen_ITSwithAsc+Dexa+IGF+TGF_63x_zstack_1.czi,16,TRUE,35,1.7,27,13,22,10,2.81,9.1,2,3.45,
190731_EV38_1_Collagen_ITSwithAsc+Dexa+IGF+TGF_63x_zstack_1.czi,17,TRUE,26,1.3,27,14,24,11,3.1,7,1.54,3.46,
190731_EV38_1_Collagen_ITSwithAsc+Dexa+IGF+TGF_63x_zstack_1.czi,18,TRUE,23,1.1,27,16,21,6,1.69,6.1,1.35,2.16,
190731_EV38_1_Collagen_ITSwithAsc+Dexa+IGF+TGF_63x_zstack_2.czi,1,TRUE,28,1.4,28,9,17,9,2.53,8.4,1.84,3.13,
190731_EV38_1_Collagen_ITSwithAsc+Dexa+IGF+TGF_63x_zstack_2.czi,2,TRUE,60,2.9,28,7,19,13,3.66,12.4,2.73,4.56,
190731_EV38_1_Collagen_ITSwithAsc+Dexa+IGF+TGF_63x_zstack_2.czi,3,FALSE,26,1.3,28,13,21,9,2.53,6,1.33,2.86,
190731_EV38_1_Collagen_ITSwithAsc+Dexa+IGF+TGF_63x_zstack_2.czi,4,TRUE,35,1.7,28,9,20,12,3.38,9,1.99,3.92,
190731_EV38_1_Collagen_ITSwithAsc+Dexa+IGF+TGF_63x_zstack_2.czi,5,TRUE,27,1.3,28,10,20,11,3.1,7.1,1.55,3.46,
190731_EV38_1_Collagen_ITSwithAsc+Dexa+IGF+TGF_63x_zstack_2.czi,6,TRUE,24,1.2,28,12,20,9,2.53,7,1.54,2.96,
190731_EV38_1_Collagen_ITSwithAsc+Dexa+IGF+TGF_63x_zstack_2.czi,7,TRUE,25,1.2,28,11,19,9,2.53,7,1.55,2.97,
190731_EV38_1_Collagen_ITSwithAsc+Dexa+IGF+TGF_63x_zstack_2.czi,8,FALSE,24,1.2,28,12,21,10,2.81,6.1,1.34,3.12,
190731_EV38_1_Collagen_ITSwithAsc+Dexa+IGF+TGF_63x_zstack_2.czi,9,TRUE,51,2.5,28,11,21,11,3.1,12,2.64,4.07,
190731_EV38_1_Collagen_ITSwithAsc+Dexa+IGF+TGF_63x_zstack_2.czi,10,TRUE,21,1,28,13,19,7,1.97,7.4,1.63,2.56,
190731_EV38_1_Collagen_ITSwithAsc+Dexa+IGF+TGF_63x_zstack_2.czi,11,TRUE,29,1.4,28,12,21,10,2.81,8.9,1.95,3.43,
190731_EV38_1_Collagen_ITSwithAsc+Dexa+IGF+TGF_63x_zstack_2.czi,12,TRUE,37,1.8,28,13,21,9,2.53,12,2.64,3.66,
190731_EV38_1_Collagen_ITSwithAsc+Dexa+IGF+TGF_63x_zstack_2.czi,13,TRUE,20,1,28,14,21,8,2.25,6,1.32,2.61,
190731_EV38_1_Collagen_ITSwithAsc+Dexa+IGF+TGF_63x_zstack_3.czi,1,TRUE,32,1.5,27,13,21,9,2.53,9.1,1.99,3.22,
190731_EV38_1_Collagen_ITSwithAsc+Dexa+IGF+TGF_63x_zstack_3.czi,2,TRUE,44,2.1,27,14,21,8,2.25,15.8,3.48,4.14,
190731_EV38_1_Collagen_ITSwithAsc+Dexa+IGF+TGF_63x_zstack_3.czi,3,TRUE,32,1.5,27,11,21,11,3.1,7.8,1.72,3.54,
190731_EV38_1_Collagen_ITSwithAsc+Dexa+IGF+TGF_63x_zstack_3.czi,4,TRUE,18,0.9,27,14,20,7,1.97,8.1,1.78,2.66,
190731_EV38_1_Collagen_ITSwithAsc+Dexa+IGF+TGF_63x_zstack_3.czi,5,TRUE,19,0.9,27,15,21,7,1.97,7,1.54,2.5,
190731_EV38_1_Collagen_ITSwithAsc+Dexa+IGF+TGF_63x_zstack_3.czi,6,FALSE,24,1.2,27,15,21,7,1.97,6,1.32,2.37,
190731_EV38_1_Collagen_ITSwithAsc+Dexa+IGF+TGF_63x_zstack_3.czi,7,TRUE,53,2.6,27,12,22,11,3.1,12.6,2.77,4.16,
190731_EV38_1_Collagen_ITSwithAsc+Dexa+IGF+TGF_63x_zstack_3.czi,8,TRUE,42,2,27,14,24,11,3.1,11.1,2.43,3.93,
190731_EV38_1_Collagen_ITSwithAsc+Dexa+IGF+TGF_63x_zstack_3.czi,9,TRUE,49,2.4,27,12,22,11,3.1,11.2,2.46,3.95,
190731_EV38_1_Collagen_ITSwithAsc+Dexa+IGF+TGF_63x_zstack_3.czi,10,TRUE,42,2,27,14,23,10,2.81,12,2.63,3.85,
190731_EV38_1_Collagen_ITSwithAsc+Dexa+IGF+TGF_63x_zstack_3.czi,11,TRUE,37,1.8,27,15,24,10,2.81,9.1,2,3.45,
190731_EV38_1_Collagen_ITSwithAsc+Dexa+IGF+TGF_63x_zstack_3.czi,12,TRUE,37,1.8,27,14,24,11,3.1,9.5,2.08,3.73,
190731_EV38_1_Collagen_ITSwithAsc+Dexa+IGF+TGF_63x_zstack_3.czi,13,FALSE,20,1,27,15,24,10,2.81,5,1.11,3.02,
190731_EV38_1_Collagen_ITSwithAsc+Dexa+IGF+TGF_63x_zstack_3.czi,14,TRUE,28,1.4,27,14,23,10,2.81,8.5,1.86,3.37,
190731_EV38_1_Collagen_ITSwithAsc+Dexa+IGF+TGF_63x_zstack_3.czi,15,TRUE,30,1.4,27,15,23,9,2.53,8.5,1.87,3.15,
190731_EV38_1_Collagen_ITSwithAsc+Dexa+IGF+TGF_63x_zstack_3.czi,16,FALSE,22,1.1,27,15,25,11,3.1,6,1.33,3.37,
190731_EV38_1_Collagen_ITSwithAsc+Dexa+IGF+TGF_63x_zstack_3.czi,17,TRUE,40,1.9,27,16,26,11,3.1,8.4,1.85,3.61,
190731_EV38_1_Collagen_ITSwithAsc+Dexa+IGF+TGF_63x_zstack_3.czi,18,TRUE,58,2.8,27,16,27,12,3.38,12,2.64,4.29,
190731_EV38_1_Collagen_ITSwithAsc+Dexa+IGF+TGF_63x_zstack_4.czi,1,FALSE,28,1.4,35,10,19,10,2.81,7.2,1.59,3.23,
190731_EV38_1_Collagen_ITSwithAsc+Dexa+IGF+TGF_63x_zstack_4.czi,2,TRUE,25,1.2,35,12,19,8,2.25,9.1,1.99,3.01,
190731_EV38_1_Collagen_ITSwithAsc+Dexa+IGF+TGF_63x_zstack_4.czi,3,TRUE,19,0.9,35,15,21,7,1.97,5.1,1.12,2.27,
190731_EV38_1_Collagen_ITSwithAsc+Dexa+IGF+TGF_63x_zstack_4.czi,4,TRUE,41,2,35,11,22,12,3.38,10.2,2.23,4.05,
190731_EV38_1_Collagen_ITSwithAsc+Dexa+IGF+TGF_63x_zstack_4.czi,5,TRUE,36,1.7,35,11,21,11,3.1,9.1,1.99,3.68,
190731_EV38_1_Collagen_ITSwithAsc+Dexa+IGF+TGF_63x_zstack_4.czi,6,TRUE,39,1.9,35,13,22,10,2.81,10,2.2,3.57,
190731_EV38_1_Collagen_ITSwithAsc+Dexa+IGF+TGF_63x_zstack_4.czi,7,TRUE,41,2,35,13,23,11,3.1,9.1,1.99,3.68,
190731_EV38_1_Collagen_ITSwithAsc+Dexa+IGF+TGF_63x_zstack_4.czi,8,FALSE,19,0.9,35,13,21,9,2.53,5,1.1,2.76,
190731_EV38_1_Collagen_ITSwithAsc+Dexa+IGF+TGF_63x_zstack_4.czi,9,TRUE,42,2,35,11,22,12,3.38,8.9,1.96,3.9,
190731_EV38_1_Collagen_ITSwithAsc+Dexa+IGF+TGF_63x_zstack_4.czi,10,TRUE,23,1.1,35,13,21,9,2.53,6.4,1.41,2.9,
190731_EV38_1_Collagen_ITSwithAsc+Dexa+IGF+TGF_63x_zstack_4.czi,11,FALSE,36,1.7,35,13,23,11,3.1,7.1,1.56,3.47,
190731_EV38_1_Collagen_ITSwithAsc+Dexa+IGF+TGF_63x_zstack_4.czi,12,FALSE,22,1.1,35,18,27,10,2.81,5,1.1,3.02,
190731_EV38_1_Collagen_ITSwithAsc+Dexa+IGF+TGF_63x_zstack_4.czi,13,TRUE,32,1.5,35,13,23,11,3.1,9.2,2.03,3.7,
190731_EV38_1_Collagen_ITSwithAsc+Dexa+IGF+TGF_63x_zstack_4.czi,14,TRUE,35,1.7,35,13,23,11,3.1,8.5,1.88,3.62,
190731_EV38_1_Collagen_ITSwithAsc+Dexa+IGF+TGF_63x_zstack_4.czi,15,TRUE,36,1.7,35,16,29,14,3.94,8.1,1.77,4.32,
190731_EV38_1_Collagen_ITSwithAsc+Dexa+IGF+TGF_63x_zstack_4.czi,16,TRUE,27,1.3,35,14,25,12,3.38,7,1.54,3.71,
190802_EV38_1_Collagen_ITSwithAsc+Dexa_63x_zstack_1.czi,1,FALSE,32,1.5,23,5,14,10,2.81,6,1.32,3.11,
190802_EV38_1_Collagen_ITSwithAsc+Dexa_63x_zstack_1.czi,2,TRUE,58,2.8,23,1,11,11,3.1,14.4,3.15,4.42,
190802_EV38_1_Collagen_ITSwithAsc+Dexa_63x_zstack_1.czi,3,FALSE,34,1.6,23,7,17,11,3.1,7.4,1.62,3.5,
190802_EV38_1_Collagen_ITSwithAsc+Dexa_63x_zstack_1.czi,4,TRUE,47,2.3,23,4,13,10,2.81,11.6,2.54,3.79,
190802_EV38_1_Collagen_ITSwithAsc+Dexa_63x_zstack_1.czi,5,TRUE,30,1.4,23,3,11,9,2.53,8.3,1.83,3.12,
190802_EV38_1_Collagen_ITSwithAsc+Dexa_63x_zstack_1.czi,6,TRUE,49,2.4,23,6,14,9,2.53,14.5,3.19,4.08,
190802_EV38_1_Collagen_ITSwithAsc+Dexa_63x_zstack_1.czi,7,TRUE,36,1.7,23,5,14,10,2.81,11.2,2.46,3.74,
190802_EV38_1_Collagen_ITSwithAsc+Dexa_63x_zstack_1.czi,8,TRUE,38,1.8,23,4,14,11,3.1,9.1,2,3.69,
190802_EV38_1_Collagen_ITSwithAsc+Dexa_63x_zstack_1.czi,9,TRUE,58,2.8,23,4,14,11,3.1,16.7,3.67,4.8,
190802_EV38_1_Collagen_ITSwithAsc+Dexa_63x_zstack_1.czi,10,TRUE,22,1.1,23,7,14,8,2.25,8.3,1.81,2.89,
190802_EV38_1_Collagen_ITSwithAsc+Dexa_63x_zstack_1.czi,11,TRUE,17,0.8,23,6,13,8,2.25,7.4,1.62,2.77,
190802_EV38_1_Collagen_ITSwithAsc+Dexa_63x_zstack_1.czi,12,TRUE,38,1.8,23,4,13,10,2.81,12.6,2.76,3.94,
190802_EV38_1_Collagen_ITSwithAsc+Dexa_63x_zstack_1.czi,13,TRUE,42,2,23,6,16,11,3.1,11,2.42,3.93,
190802_EV38_1_Collagen_ITSwithAsc+Dexa_63x_zstack_1.czi,14,TRUE,41,2,23,3,12,10,2.81,12.2,2.67,3.88,
190802_EV38_1_Collagen_ITSwithAsc+Dexa_63x_zstack_1.czi,15,TRUE,47,2.3,23,6,16,11,3.1,14.8,3.25,4.49,
190802_EV38_1_Collagen_ITSwithAsc+Dexa_63x_zstack_1.czi,16,TRUE,25,1.2,23,8,14,7,1.97,8,1.77,2.65,
190802_EV38_1_Collagen_ITSwithAsc+Dexa_63x_zstack_2.czi,1,TRUE,21,1,38,13,24,12,3.38,6.3,1.38,3.65,
190802_EV38_1_Collagen_ITSwithAsc+Dexa_63x_zstack_2.czi,2,TRUE,62,3,38,12,25,14,3.94,14.1,3.1,5.01,
190802_EV38_1_Collagen_ITSwithAsc+Dexa_63x_zstack_2.czi,3,TRUE,38,1.8,38,15,25,11,3.1,11,2.42,3.93,
190802_EV38_1_Collagen_ITSwithAsc+Dexa_63x_zstack_2.czi,4,TRUE,58,2.8,38,14,24,11,3.1,14.7,3.23,4.47,
190802_EV38_1_Collagen_ITSwithAsc+Dexa_63x_zstack_2.czi,5,TRUE,47,2.3,38,11,22,12,3.38,10.7,2.34,4.11,
190802_EV38_1_Collagen_ITSwithAsc+Dexa_63x_zstack_2.czi,6,TRUE,59,2.8,38,14,25,12,3.38,17.4,3.83,5.1,
190802_EV38_1_Collagen_ITSwithAsc+Dexa_63x_zstack_2.czi,7,FALSE,20,1,38,16,25,10,2.81,5.4,1.18,3.05,
190802_EV38_1_Collagen_ITSwithAsc+Dexa_63x_zstack_2.czi,8,TRUE,75,3.6,38,11,24,14,3.94,17.4,3.83,5.49,
190802_EV38_1_Collagen_ITSwithAsc+Dexa_63x_zstack_2.czi,9,TRUE,48,2.3,38,16,28,13,3.66,10.9,2.39,4.37,
190802_EV38_1_Collagen_ITSwithAsc+Dexa_63x_zstack_2.czi,10,TRUE,68,3.3,38,11,24,14,3.94,15.5,3.4,5.2,
190802_EV38_1_Collagen_ITSwithAsc+Dexa_63x_zstack_2.czi,11,TRUE,53,2.6,38,14,27,14,3.94,13,2.86,4.87,
190802_EV38_1_Collagen_ITSwithAsc+Dexa_63x_zstack_2.czi,12,TRUE,41,2,38,12,22,11,3.1,12.4,2.73,4.13,
190802_EV38_1_Collagen_ITSwithAsc+Dexa_63x_zstack_2.czi,13,TRUE,40,1.9,38,15,27,13,3.66,10.1,2.21,4.28,
190802_EV38_1_Collagen_ITSwithAsc+Dexa_63x_zstack_2.czi,14,TRUE,28,1.4,38,16,24,9,2.53,8.3,1.81,3.12,
190802_EV38_1_Collagen_ITSwithAsc+Dexa_63x_zstack_2.czi,15,FALSE,28,1.4,38,14,24,11,3.1,7.3,1.6,3.49,
190802_EV38_1_Collagen_ITSwithAsc+Dexa_63x_zstack_2.czi,16,FALSE,27,1.3,38,17,28,12,3.38,6.1,1.34,3.63,
190802_EV38_1_Collagen_ITSwithAsc+Dexa_63x_zstack_2.czi,17,FALSE,19,0.9,38,14,24,11,3.1,5,1.1,3.29,
190802_EV38_1_Collagen_ITSwithAsc+Dexa_63x_zstack_2.czi,18,TRUE,26,1.3,38,14,25,12,3.38,7,1.54,3.71,
190802_EV38_1_Collagen_ITSwithAsc+Dexa_63x_zstack_2.czi,19,TRUE,44,2.1,38,13,24,12,3.38,10.6,2.32,4.1,
190802_EV38_1_Collagen_ITSwithAsc+Dexa_63x_zstack_2.czi,20,TRUE,39,1.9,38,14,25,12,3.38,10.1,2.23,4.04,
190802_EV38_1_Collagen_ITSwithAsc+Dexa_63x_zstack_2.czi,21,TRUE,65,3.1,38,12,23,12,3.38,15.1,3.32,4.74,
190802_EV38_1_Collagen_ITSwithAsc+Dexa_63x_zstack_2.czi,22,TRUE,23,1.1,38,17,25,9,2.53,7.1,1.56,2.97,
190802_EV38_1_Collagen_ITSwithAsc+Dexa_63x_zstack_2.czi,23,TRUE,60,2.9,38,16,28,13,3.66,15.5,3.41,5,
190802_EV38_1_Collagen_ITSwithAsc+Dexa_63x_zstack_2.czi,24,FALSE,30,1.4,38,18,27,10,2.81,6.3,1.38,3.13,
190802_EV38_1_Collagen_ITSwithAsc+Dexa_63x_zstack_2.czi,25,TRUE,86,4.1,38,13,24,12,3.38,21.7,4.76,5.84,
190802_EV38_1_Collagen_ITSwithAsc+Dexa_63x_zstack_2.czi,26,TRUE,36,1.7,38,15,26,12,3.38,8,1.76,3.81,
190802_EV38_1_Collagen_ITSwithAsc+Dexa_63x_zstack_2.czi,27,TRUE,41,2,38,14,25,12,3.38,9.8,2.16,4.01,
190802_EV38_1_Collagen_ITSwithAsc+Dexa_63x_zstack_2.czi,28,FALSE,26,1.3,38,17,26,10,2.81,6.1,1.34,3.12,
190802_EV38_1_Collagen_ITSwithAsc+Dexa_63x_zstack_2.czi,29,TRUE,62,3,38,15,26,12,3.38,16.6,3.65,4.98,
190802_EV38_1_Collagen_ITSwithAsc+Dexa_63x_zstack_2.czi,30,TRUE,39,1.9,38,16,25,10,2.81,10,2.2,3.57,
190802_EV38_1_Collagen_ITSwithAsc+Dexa_63x_zstack_3.czi,1,TRUE,58,2.8,36,14,25,12,3.38,15.6,3.42,4.81,
190802_EV38_1_Collagen_ITSwithAsc+Dexa_63x_zstack_3.czi,2,TRUE,74,3.6,36,9,22,14,3.94,15.3,3.36,5.17,
190802_EV38_1_Collagen_ITSwithAsc+Dexa_63x_zstack_3.czi,3,TRUE,45,2.2,36,14,25,12,3.38,10.3,2.26,4.06,
190802_EV38_1_Collagen_ITSwithAsc+Dexa_63x_zstack_3.czi,4,TRUE,56,2.7,36,13,24,12,3.38,12.6,2.77,4.37,
190802_EV38_1_Collagen_ITSwithAsc+Dexa_63x_zstack_3.czi,5,TRUE,58,2.8,36,13,24,12,3.38,14,3.08,4.57,
190802_EV38_1_Collagen_ITSwithAsc+Dexa_63x_zstack_3.czi,6,TRUE,50,2.4,36,14,23,10,2.81,15,3.3,4.34,
190802_EV38_1_Collagen_ITSwithAsc+Dexa_63x_zstack_3.czi,7,FALSE,27,1.3,36,17,29,13,3.66,6,1.32,3.89,
190802_EV38_1_Collagen_ITSwithAsc+Dexa_63x_zstack_3.czi,8,FALSE,34,1.6,36,16,26,11,3.1,7,1.55,3.46,
190802_EV38_1_Collagen_ITSwithAsc+Dexa_63x_zstack_3.czi,9,TRUE,85,4.1,36,12,24,13,3.66,18.6,4.08,5.48,
190802_EV38_1_Collagen_ITSwithAsc+Dexa_63x_zstack_3.czi,10,TRUE,37,1.8,36,16,28,13,3.66,9,1.98,4.16,
190802_EV38_1_Collagen_ITSwithAsc+Dexa_63x_zstack_3.czi,11,TRUE,39,1.9,36,17,26,10,2.81,11.1,2.44,3.72,
190802_EV38_1_Collagen_ITSwithAsc+Dexa_63x_zstack_3.czi,12,FALSE,25,1.2,36,14,24,11,3.1,6.1,1.34,3.37,
190802_EV38_1_Collagen_ITSwithAsc+Dexa_63x_zstack_3.czi,13,FALSE,45,2.2,36,15,27,13,3.66,8.2,1.81,4.08,
190802_EV38_1_Collagen_ITSwithAsc+Dexa_63x_zstack_3.czi,14,TRUE,32,1.5,36,15,24,10,2.81,9.6,2.11,3.52,
190802_EV38_1_Collagen_ITSwithAsc+Dexa_63x_zstack_3.czi,15,TRUE,59,2.8,36,14,24,11,3.1,17.4,3.82,4.92,
190802_EV38_1_Collagen_ITSwithAsc+Dexa_63x_zstack_3.czi,16,TRUE,42,2,36,15,25,11,3.1,10,2.2,3.8,
190802_EV38_1_Collagen_ITSwithAsc+Dexa_63x_zstack_3.czi,17,FALSE,44,2.1,36,17,29,13,3.66,9,1.98,4.16,
190802_EV38_1_Collagen_ITSwithAsc+Dexa_63x_zstack_3.czi,18,TRUE,39,1.9,36,17,27,11,3.1,10.1,2.23,3.81,
190802_EV38_1_Collagen_ITSwithAsc+Dexa_63x_zstack_3.czi,19,TRUE,39,1.9,36,18,28,11,3.1,10.1,2.21,3.8,
190802_EV38_1_Collagen_ITSwithAsc+Dexa_63x_zstack_3.czi,20,TRUE,34,1.6,36,15,24,10,2.81,11,2.42,3.71,
190802_EV38_1_Collagen_ITSwithAsc+Dexa_63x_zstack_3.czi,21,TRUE,36,1.7,36,16,26,11,3.1,8.1,1.78,3.57,
190802_EV38_1_Collagen_ITSwithAsc+Dexa_63x_zstack_3.czi,22,TRUE,38,1.8,36,17,27,11,3.1,8.4,1.85,3.61,
190802_EV38_1_Collagen_ITSwithAsc+Dexa_63x_zstack_4.czi,1,FALSE,24,1.2,22,7,16,10,2.81,6.2,1.35,3.12,
190802_EV38_1_Collagen_ITSwithAsc+Dexa_63x_zstack_4.czi,2,TRUE,44,2.1,22,4,13,10,2.81,11.3,2.49,3.75,
190802_EV38_1_Collagen_ITSwithAsc+Dexa_63x_zstack_4.czi,3,TRUE,51,2.5,22,8,17,10,2.81,13.6,2.98,4.1,
190802_EV38_1_Collagen_ITSwithAsc+Dexa_63x_zstack_4.czi,4,TRUE,40,1.9,22,6,14,9,2.53,13.9,3.05,3.96,
190802_EV38_1_Collagen_ITSwithAsc+Dexa_63x_zstack_4.czi,5,TRUE,52,2.5,22,4,14,11,3.1,13.3,2.93,4.26,
190802_EV38_1_Collagen_ITSwithAsc+Dexa_63x_zstack_4.czi,6,TRUE,63,3,22,3,13,11,3.1,14.5,3.19,4.45,
190802_EV38_1_Collagen_ITSwithAsc+Dexa_63x_zstack_4.czi,7,TRUE,17,0.8,22,9,16,8,2.25,7,1.54,2.73,
190802_EV38_1_Collagen_ITSwithAsc+Dexa_63x_zstack_4.czi,8,TRUE,48,2.3,22,6,14,9,2.53,15.7,3.44,4.27,
190802_EV38_1_Collagen_ITSwithAsc+Dexa_63x_zstack_4.czi,9,TRUE,29,1.4,22,8,17,10,2.81,7.1,1.56,3.22,
190802_EV38_1_Collagen_ITSwithAsc+Dexa_63x_zstack_4.czi,10,TRUE,29,1.4,22,9,18,10,2.81,8,1.77,3.32,
190802_EV38_1_Collagen_ITSwithAsc+Dexa_63x_zstack_4.czi,11,TRUE,24,1.2,22,5,14,10,2.81,6.9,1.52,3.2,
190802_EV38_1_Collagen_ITSwithAsc+Dexa_63x_zstack_4.czi,12,TRUE,28,1.4,22,7,15,9,2.53,7.2,1.59,2.99,
190802_EV38_1_Collagen_ITSwithAsc+Dexa_63x_zstack_4.czi,13,TRUE,44,2.1,22,7,16,10,2.81,12.1,2.65,3.86,
190802_EV38_1_Collagen_ITSwithAsc+Dexa_63x_zstack_4.czi,14,TRUE,34,1.6,22,6,15,10,2.81,8.4,1.85,3.37,
190802_EV38_1_Collagen_ITSwithAsc+Dexa_63x_zstack_4.czi,15,TRUE,23,1.1,22,6,14,9,2.53,9,1.97,3.21,
190802_EV38_1_Collagen_ITSwithAsc+Dexa_63x_zstack_4.czi,16,TRUE,29,1.4,22,5,12,8,2.25,12.8,2.8,3.6,
190802_EV38_1_Collagen_ITSwithAsc+Dexa_63x_zstack_4.czi,17,TRUE,36,1.7,22,7,15,9,2.53,10.3,2.27,3.4,
190802_EV38_1_Collagen_ITSwithAsc+Dexa_63x_zstack_4.czi,18,TRUE,37,1.8,22,6,13,8,2.25,14.5,3.18,3.9,
190802_EV38_1_Collagen_ITSwithAsc+Dexa_63x_zstack_4.czi,19,FALSE,24,1.2,22,7,13,7,1.97,6.3,1.38,2.41,
190802_EV38_1_Collagen_ITSwithAsc+Dexa_63x_zstack_5.czi,1,TRUE,25,1.2,26,11,21,11,3.1,7,1.54,3.46,
190802_EV38_1_Collagen_ITSwithAsc+Dexa_63x_zstack_5.czi,2,TRUE,37,1.8,26,9,16,8,2.25,10.9,2.4,3.29,
190802_EV38_1_Collagen_ITSwithAsc+Dexa_63x_zstack_5.czi,3,TRUE,28,1.4,26,12,21,10,2.81,8.2,1.81,3.35,
190802_EV38_1_Collagen_ITSwithAsc+Dexa_63x_zstack_5.czi,4,TRUE,15,0.7,26,11,18,8,2.25,5.1,1.13,2.52,
190802_EV38_1_Collagen_ITSwithAsc+Dexa_63x_zstack_5.czi,5,TRUE,39,1.9,26,12,22,11,3.1,9.2,2.03,3.7,
190802_EV38_1_Collagen_ITSwithAsc+Dexa_63x_zstack_5.czi,6,TRUE,54,2.6,26,9,19,11,3.1,17.3,3.79,4.89,
190802_EV38_1_Collagen_ITSwithAsc+Dexa_63x_zstack_5.czi,7,TRUE,47,2.3,26,7,17,11,3.1,12.8,2.82,4.18,
190802_EV38_1_Collagen_ITSwithAsc+Dexa_63x_zstack_5.czi,8,TRUE,45,2.2,26,9,19,11,3.1,12,2.64,4.07,
190802_EV38_1_Collagen_ITSwithAsc+Dexa_63x_zstack_5.czi,9,TRUE,57,2.7,26,7,18,12,3.38,16.3,3.58,4.92,
190802_EV38_1_Collagen_ITSwithAsc+Dexa_63x_zstack_5.czi,10,TRUE,22,1.1,26,11,16,6,1.69,8.5,1.88,2.52,
190802_EV38_1_Collagen_ITSwithAsc+Dexa_63x_zstack_5.czi,11,TRUE,22,1.1,26,12,20,9,2.53,6,1.33,2.86,
190802_EV38_1_Collagen_ITSwithAsc+Dexa_63x_zstack_5.czi,12,TRUE,57,2.7,26,8,17,10,2.81,16.4,3.6,4.57,
190802_EV38_1_Collagen_ITSwithAsc+Dexa_63x_zstack_5.czi,13,TRUE,37,1.8,26,10,20,11,3.1,11.5,2.53,3.99,
190802_EV38_1_Collagen_ITSwithAsc+Dexa_63x_zstack_5.czi,14,TRUE,50,2.4,26,9,19,11,3.1,14.1,3.1,4.38,
190802_EV38_1_Collagen_ITSwithAsc+Dexa_63x_zstack_5.czi,15,TRUE,34,1.6,26,10,18,9,2.53,11.3,2.48,3.55,
190802_EV38_1_Collagen_ITSwithAsc+Dexa_63x_zstack_5.czi,16,TRUE,21,1,26,11,20,10,2.81,6,1.32,3.11,
190802_EV38_1_Collagen_ITSwithAsc+Dexa_63x_zstack_5.czi,17,TRUE,31,1.5,26,9,18,10,2.81,8.3,1.82,3.35,
190802_EV38_1_Collagen_ITSwithAsc+Dexa_63x_zstack_5.czi,18,TRUE,62,3,26,8,19,12,3.38,16.5,3.63,4.96,
190802_EV38_1_Collagen_ITSwithAsc+Dexa_63x_zstack_5.czi,19,FALSE,21,1,26,11,20,10,2.81,6,1.32,3.11,
190802_EV38_1_Collagen_ITSwithAsc+Dexa_63x_zstack_5.czi,20,TRUE,55,2.7,26,8,18,11,3.1,14.9,3.27,4.51,
190802_EV38_1_Collagen_ITSwithAsc+Dexa_63x_zstack_5.czi,21,TRUE,60,2.9,26,9,19,11,3.1,13.8,3.04,4.34,
190802_EV38_1_Collagen_ITSwithAsc+Dexa+IGF+TGF_63x_zstack_1.czi,1,FALSE,26,1.3,36,11,20,10,2.81,6,1.33,3.11,
190802_EV38_1_Collagen_ITSwithAsc+Dexa+IGF+TGF_63x_zstack_1.czi,2,TRUE,35,1.7,36,13,22,10,2.81,9.2,2.01,3.46,
190802_EV38_1_Collagen_ITSwithAsc+Dexa+IGF+TGF_63x_zstack_1.czi,3,TRUE,21,1,36,12,20,9,2.53,6.5,1.42,2.9,
190802_EV38_1_Collagen_ITSwithAsc+Dexa+IGF+TGF_63x_zstack_1.czi,4,TRUE,43,2.1,36,10,21,12,3.38,10,2.2,4.03,
190802_EV38_1_Collagen_ITSwithAsc+Dexa+IGF+TGF_63x_zstack_1.czi,5,TRUE,43,2.1,36,11,20,10,2.81,11.7,2.57,3.81,
190802_EV38_1_Collagen_ITSwithAsc+Dexa+IGF+TGF_63x_zstack_1.czi,6,FALSE,20,1,36,12,20,9,2.53,6,1.33,2.86,
190802_EV38_1_Collagen_ITSwithAsc+Dexa+IGF+TGF_63x_zstack_1.czi,7,TRUE,19,0.9,36,13,20,8,2.25,6,1.32,2.61,
190802_EV38_1_Collagen_ITSwithAsc+Dexa+IGF+TGF_63x_zstack_1.czi,8,TRUE,37,1.8,36,11,21,11,3.1,9.2,2.02,3.69,
190802_EV38_1_Collagen_ITSwithAsc+Dexa+IGF+TGF_63x_zstack_1.czi,9,TRUE,23,1.1,36,13,22,10,2.81,6.4,1.41,3.15,
190802_EV38_1_Collagen_ITSwithAsc+Dexa+IGF+TGF_63x_zstack_1.czi,10,TRUE,22,1.1,36,13,21,9,2.53,6.6,1.44,2.91,
190802_EV38_1_Collagen_ITSwithAsc+Dexa+IGF+TGF_63x_zstack_1.czi,11,TRUE,31,1.5,36,15,25,11,3.1,8.3,1.83,3.6,
190802_EV38_1_Collagen_ITSwithAsc+Dexa+IGF+TGF_63x_zstack_1.czi,12,TRUE,30,1.4,36,14,25,12,3.38,7.4,1.62,3.75,
190802_EV38_1_Collagen_ITSwithAsc+Dexa+IGF+TGF_63x_zstack_1.czi,13,FALSE,34,1.6,36,13,23,11,3.1,7.2,1.57,3.47,
190802_EV38_1_Collagen_ITSwithAsc+Dexa+IGF+TGF_63x_zstack_1.czi,14,TRUE,30,1.4,36,13,21,9,2.53,9,1.98,3.21,
190802_EV38_1_Collagen_ITSwithAsc+Dexa+IGF+TGF_63x_zstack_1.czi,15,TRUE,23,1.1,36,13,21,9,2.53,7.1,1.57,2.98,
190802_EV38_1_Collagen_ITSwithAsc+Dexa+IGF+TGF_63x_zstack_2.czi,1,TRUE,40,1.9,24,5,14,10,2.81,9.4,2.06,3.49,
190802_EV38_1_Collagen_ITSwithAsc+Dexa+IGF+TGF_63x_zstack_2.czi,2,TRUE,33,1.6,24,4,15,12,3.38,8,1.76,3.81,
190802_EV38_1_Collagen_ITSwithAsc+Dexa+IGF+TGF_63x_zstack_2.czi,3,TRUE,21,1,24,7,13,7,1.97,9.1,2,2.81,
190802_EV38_1_Collagen_ITSwithAsc+Dexa+IGF+TGF_63x_zstack_2.czi,4,TRUE,32,1.5,24,6,15,10,2.81,10.2,2.24,3.6,
190802_EV38_1_Collagen_ITSwithAsc+Dexa+IGF+TGF_63x_zstack_2.czi,5,TRUE,32,1.5,24,8,14,7,1.97,12.3,2.7,3.34,
190802_EV38_1_Collagen_ITSwithAsc+Dexa+IGF+TGF_63x_zstack_2.czi,6,TRUE,40,1.9,24,5,16,12,3.38,9.7,2.13,3.99,
190802_EV38_1_Collagen_ITSwithAsc+Dexa+IGF+TGF_63x_zstack_2.czi,7,TRUE,29,1.4,24,6,15,10,2.81,8.1,1.77,3.33,
190802_EV38_1_Collagen_ITSwithAsc+Dexa+IGF+TGF_63x_zstack_2.czi,8,TRUE,18,0.9,24,8,15,8,2.25,6.7,1.47,2.69,
190802_EV38_1_Collagen_ITSwithAsc+Dexa+IGF+TGF_63x_zstack_2.czi,9,FALSE,20,1,24,8,16,9,2.53,5,1.1,2.76,
190802_EV38_1_Collagen_ITSwithAsc+Dexa+IGF+TGF_63x_zstack_2.czi,10,TRUE,38,1.8,24,7,16,10,2.81,10.7,2.34,3.66,
190802_EV38_1_Collagen_ITSwithAsc+Dexa+IGF+TGF_63x_zstack_2.czi,11,FALSE,21,1,24,9,19,11,3.1,6,1.33,3.37,
190802_EV38_1_Collagen_ITSwithAsc+Dexa+IGF+TGF_63x_zstack_2.czi,12,TRUE,19,0.9,24,8,15,8,2.25,5.2,1.14,2.52,yes
190802_EV38_1_Collagen_ITSwithAsc+Dexa+IGF+TGF_63x_zstack_2.czi,13,TRUE,27,1.3,24,7,15,9,2.53,7.1,1.56,2.97,yes
190802_EV38_1_Collagen_ITSwithAsc+Dexa+IGF+TGF_63x_zstack_2.czi,14,TRUE,19,0.9,24,8,17,10,2.81,5.2,1.15,3.04,
190802_EV38_1_Collagen_ITSwithAsc+Dexa+IGF+TGF_63x_zstack_2.czi,15,FALSE,24,1.2,24,10,16,7,1.97,6.1,1.33,2.38,
190802_EV38_1_Collagen_ITSwithAsc+Dexa+IGF+TGF_63x_zstack_2.czi,16,TRUE,40,1.9,24,6,16,11,3.1,12.3,2.71,4.12,
190808_EV38_1_Collagen_FBSwithAsc_63x_zstack_1.czi,1,TRUE,25,1.2,24,9,17,9,2.53,7,1.54,2.96,
190808_EV38_1_Collagen_FBSwithAsc_63x_zstack_1.czi,2,TRUE,23,1.1,24,8,13,6,1.69,6.4,1.41,2.2,
190808_EV38_1_Collagen_FBSwithAsc_63x_zstack_1.czi,3,TRUE,21,1,24,10,16,7,1.97,9.1,1.99,2.8,
190808_EV38_1_Collagen_FBSwithAsc_63x_zstack_1.czi,4,TRUE,39,1.9,24,9,17,9,2.53,10.1,2.22,3.37,
190808_EV38_1_Collagen_FBSwithAsc_63x_zstack_1.czi,5,FALSE,24,1.2,24,10,16,7,1.97,6,1.32,2.37,
190808_EV38_1_Collagen_FBSwithAsc_63x_zstack_1.czi,6,TRUE,25,1.2,24,10,16,7,1.97,10.4,2.27,3.01,
190808_EV38_1_Collagen_FBSwithAsc_63x_zstack_1.czi,7,TRUE,39,1.9,24,9,16,8,2.25,14.1,3.1,3.83,
190808_EV38_1_Collagen_FBSwithAsc_63x_zstack_1.czi,8,TRUE,33,1.6,24,6,14,9,2.53,9.6,2.1,3.29,yes
190808_EV38_1_Collagen_FBSwithAsc_63x_zstack_1.czi,9,TRUE,38,1.8,24,9,18,10,2.81,11.1,2.44,3.72,
190808_EV38_1_Collagen_FBSwithAsc_63x_zstack_1.czi,10,TRUE,34,1.6,24,7,16,10,2.81,11.1,2.44,3.73,
190808_EV38_1_Collagen_FBSwithAsc_63x_zstack_1.czi,11,TRUE,34,1.6,24,11,18,8,2.25,9.2,2.01,3.02,
190808_EV38_1_Collagen_FBSwithAsc_63x_zstack_1.czi,12,TRUE,43,2.1,24,8,18,11,3.1,11.3,2.49,3.97,
190808_EV38_1_Collagen_FBSwithAsc_63x_zstack_1.czi,13,TRUE,42,2,24,13,22,10,2.81,10.2,2.24,3.6,
190808_EV38_1_Collagen_FBSwithAsc_63x_zstack_1.czi,14,TRUE,23,1.1,24,10,17,8,2.25,7,1.54,2.73,
190808_EV38_1_Collagen_FBSwithAsc_63x_zstack_1.czi,15,FALSE,21,1,24,10,19,10,2.81,5.1,1.11,3.03,
190808_EV38_1_Collagen_FBSwithAsc_63x_zstack_1.czi,16,TRUE,34,1.6,24,9,17,9,2.53,12,2.64,3.66,
190808_EV38_1_Collagen_FBSwithAsc_63x_zstack_1.czi,17,FALSE,21,1,24,11,19,9,2.53,6.1,1.34,2.86,
190808_EV38_1_Collagen_FBSwithAsc_63x_zstack_1.czi,18,TRUE,27,1.3,24,8,17,10,2.81,8.8,1.93,3.42,
190808_EV38_1_Collagen_FBSwithAsc_63x_zstack_1.czi,19,TRUE,30,1.4,24,11,19,9,2.53,8.3,1.81,3.12,
190808_EV38_1_Collagen_FBSwithAsc_63x_zstack_1.czi,20,TRUE,41,2,24,11,20,10,2.81,12,2.64,3.86,
190808_EV38_1_Collagen_FBSwithAsc_63x_zstack_1.czi,21,FALSE,20,1,24,11,19,9,2.53,6.1,1.34,2.87,
190808_EV38_1_Collagen_FBSwithAsc_63x_zstack_1.czi,22,TRUE,31,1.5,24,11,19,9,2.53,10.5,2.31,3.43,
190808_EV38_1_Collagen_FBSwithAsc_63x_zstack_1.czi,23,TRUE,50,2.4,24,10,20,11,3.1,12.8,2.81,4.18,
190808_EV38_1_Collagen_FBSwithAsc_63x_zstack_1.czi,24,TRUE,22,1.1,24,13,19,7,1.97,7.2,1.57,2.52,
190808_EV38_1_Collagen_FBSwithAsc_63x_zstack_1.czi,25,TRUE,35,1.7,24,11,19,9,2.53,10,2.2,3.35,
190808_EV38_1_Collagen_FBSwithAsc_63x_zstack_1.czi,26,TRUE,35,1.7,24,8,17,10,2.81,9.3,2.03,3.47,
190808_EV38_1_Collagen_FBSwithAsc_63x_zstack_1.czi,27,TRUE,36,1.7,24,9,18,10,2.81,10.7,2.35,3.66,
190808_EV38_1_Collagen_FBSwithAsc_63x_zstack_1.czi,28,TRUE,20,1,24,10,16,7,1.97,6.7,1.47,2.46,
190808_EV38_1_Collagen_FBSwithAsc_63x_zstack_1.czi,29,TRUE,45,2.2,24,11,20,10,2.81,12.2,2.67,3.88,
190808_EV38_1_Collagen_FBSwithAsc_63x_zstack_1.czi,30,TRUE,19,0.9,24,11,17,7,1.97,7,1.54,2.5,
190808_EV38_1_Collagen_FBSwithAsc_63x_zstack_1.czi,31,TRUE,37,1.8,24,12,19,8,2.25,13.6,2.99,3.74,
190808_EV38_1_Collagen_FBSwithAsc_63x_zstack_1.czi,32,TRUE,49,2.4,24,10,22,13,3.66,10,2.2,4.27,yes
190808_EV38_1_Collagen_FBSwithAsc_63x_zstack_1.czi,33,TRUE,47,2.3,24,9,19,11,3.1,11.1,2.43,3.93,
190808_EV38_1_Collagen_FBSwithAsc_63x_zstack_1.czi,34,TRUE,49,2.4,24,9,21,13,3.66,11.1,2.43,4.39,yes
190808_EV38_1_Collagen_FBSwithAsc_63x_zstack_2.czi,1,TRUE,44,2.1,22,7,16,10,2.81,10.6,2.33,3.66,
190808_EV38_1_Collagen_FBSwithAsc_63x_zstack_2.czi,2,TRUE,17,0.8,22,7,11,5,1.41,6.1,1.35,1.95,
190808_EV38_1_Collagen_FBSwithAsc_63x_zstack_2.czi,3,FALSE,16,0.8,22,6,12,7,1.97,5,1.1,2.26,
190808_EV38_1_Collagen_FBSwithAsc_63x_zstack_2.czi,4,TRUE,45,2.2,22,4,11,8,2.25,18,3.95,4.55,
190808_EV38_1_Collagen_FBSwithAsc_63x_zstack_2.czi,5,TRUE,21,1,22,8,14,7,1.97,7.2,1.58,2.53,
190808_EV38_1_Collagen_FBSwithAsc_63x_zstack_2.czi,6,TRUE,32,1.5,22,8,17,10,2.81,9.5,2.09,3.51,
190808_EV38_1_Collagen_FBSwithAsc_63x_zstack_2.czi,7,TRUE,45,2.2,22,6,14,9,2.53,12,2.64,3.66,
190808_EV38_1_Collagen_FBSwithAsc_63x_zstack_2.czi,8,TRUE,47,2.3,22,5,14,10,2.81,15,3.3,4.33,
190808_EV38_1_Collagen_FBSwithAsc_63x_zstack_2.czi,9,TRUE,20,1,22,8,14,7,1.97,7.1,1.55,2.51,
190808_EV38_1_Collagen_FBSwithAsc_63x_zstack_2.czi,10,TRUE,32,1.5,22,5,12,8,2.25,11.6,2.54,3.4,
190808_EV38_1_Collagen_FBSwithAsc_63x_zstack_2.czi,11,TRUE,25,1.2,22,5,12,8,2.25,7.1,1.55,2.73,yes
190808_EV38_1_Collagen_FBSwithAsc_63x_zstack_2.czi,12,TRUE,38,1.8,22,6,13,8,2.25,10.7,2.35,3.25,
190808_EV38_1_Collagen_FBSwithAsc_63x_zstack_2.czi,13,TRUE,24,1.2,22,6,14,9,2.53,9.8,2.14,3.32,
190808_EV38_1_Collagen_FBSwithAsc_63x_zstack_2.czi,14,FALSE,17,0.8,22,6,12,7,1.97,5,1.1,2.26,
190808_EV38_1_Collagen_FBSwithAsc_63x_zstack_2.czi,15,TRUE,21,1,22,5,11,7,1.97,7.1,1.56,2.51,
190808_EV38_1_Collagen_FBSwithAsc_63x_zstack_2.czi,16,TRUE,27,1.3,22,6,14,9,2.53,8.4,1.83,3.13,
190808_EV38_1_Collagen_FBSwithAsc_63x_zstack_2.czi,17,TRUE,33,1.6,22,8,16,9,2.53,12,2.65,3.66,
190808_EV38_1_Collagen_FBSwithAsc_63x_zstack_2.czi,18,TRUE,49,2.4,22,4,14,11,3.1,11.1,2.45,3.95,yes
190808_EV38_1_Collagen_FBSwithAsc_63x_zstack_2.czi,19,TRUE,32,1.5,22,6,15,10,2.81,7.6,1.66,3.27,
190808_EV38_1_Collagen_FBSwithAsc_63x_zstack_2.czi,20,TRUE,44,2.1,22,6,15,10,2.81,12.3,2.7,3.9,
190808_EV38_1_Collagen_FBSwithAsc_63x_zstack_2.czi,21,FALSE,24,1.2,22,4,13,10,2.81,6.3,1.38,3.13,yes
190808_EV38_1_Collagen_FBSwithAsc_63x_zstack_2.czi,22,TRUE,28,1.4,22,5,11,7,1.97,9.8,2.15,2.92,
190808_EV38_1_Collagen_FBSwithAsc_63x_zstack_2.czi,23,TRUE,47,2.3,22,3,13,11,3.1,8.2,1.81,3.59,yes
190808_EV38_1_Collagen_FBSwithAsc_63x_zstack_2.czi,24,TRUE,21,1,22,7,12,6,1.69,8.8,1.93,2.56,
190808_EV38_1_Collagen_FBSwithAsc_63x_zstack_2.czi,25,TRUE,19,0.9,22,8,15,8,2.25,8,1.76,2.86,
190808_EV38_1_Collagen_FBSwithAsc_63x_zstack_2.czi,26,TRUE,44,2.1,22,7,16,10,2.81,11.9,2.6,3.83,
190808_EV38_1_Collagen_FBSwithAsc_63x_zstack_2.czi,27,TRUE,23,1.1,22,6,13,8,2.25,6.2,1.36,2.63,
190808_EV38_1_Collagen_FBSwithAsc_63x_zstack_2.czi,28,TRUE,30,1.4,22,6,14,9,2.53,10.4,2.29,3.41,
190808_EV38_1_Collagen_FBSwithAsc_63x_zstack_2.czi,29,TRUE,41,2,22,5,13,9,2.53,13.5,2.96,3.89,
190808_EV38_1_Collagen_FBSwithAsc_63x_zstack_2.czi,30,TRUE,32,1.5,22,4,11,8,2.25,9.6,2.11,3.09,
190808_EV38_1_Collagen_FBSwithAsc_63x_zstack_2.czi,31,TRUE,24,1.2,22,9,15,7,1.97,8.6,1.9,2.73,
190808_EV38_1_Collagen_FBSwithAsc_63x_zstack_2.czi,32,TRUE,26,1.3,22,7,15,9,2.53,7.3,1.61,3,
190808_EV38_1_Collagen_FBSwithAsc_63x_zstack_2.czi,33,TRUE,27,1.3,22,6,13,8,2.25,8,1.76,2.86,
190808_EV38_1_Collagen_FBSwithAsc_63x_zstack_2.czi,34,TRUE,22,1.1,22,6,14,9,2.53,7.2,1.58,2.99,
190808_EV38_1_Collagen_FBSwithAsc_63x_zstack_2.czi,35,TRUE,26,1.3,22,6,13,8,2.25,8,1.76,2.86,
190808_EV38_1_Collagen_FBSwithAsc_63x_zstack_2.czi,36,TRUE,30,1.4,22,8,15,8,2.25,11,2.42,3.3,
190808_EV38_1_Collagen_FBSwithAsc_63x_zstack_2.czi,37,TRUE,26,1.3,22,7,16,10,2.81,7,1.54,3.21,
190808_EV38_1_Collagen_FBSwithAsc_63x_zstack_2.czi,38,TRUE,25,1.2,22,7,14,8,2.25,7.1,1.57,2.74,
190808_EV38_1_Collagen_FBSwithAsc_63x_zstack_2.czi,39,TRUE,36,1.7,22,5,12,8,2.25,8.1,1.77,2.87,yes
190808_EV38_1_Collagen_FBSwithAsc_63x_zstack_2.czi,40,TRUE,32,1.5,22,7,15,9,2.53,10,2.2,3.35,
190808_EV38_1_Collagen_FBSwithAsc_63x_zstack_2.czi,41,TRUE,32,1.5,22,8,15,8,2.25,8.9,1.95,2.98,
190808_EV38_1_Collagen_FBSwithAsc_63x_zstack_2.czi,42,TRUE,21,1,22,9,15,7,1.97,6.4,1.4,2.42,
190808_EV38_1_Collagen_FBSwithAsc_63x_zstack_2.czi,43,TRUE,20,1,22,6,13,8,2.25,7.2,1.58,2.75,
190808_EV38_1_Collagen_FBSwithAsc_63x_zstack_2.czi,44,TRUE,23,1.1,22,9,16,8,2.25,9,1.98,3,
190808_EV38_1_Collagen_FBSwithAsc_63x_zstack_2.czi,45,TRUE,23,1.1,22,13,19,7,1.97,8.4,1.84,2.69,
190808_EV38_1_Collagen_FBSwithAsc_63x_zstack_2.czi,46,TRUE,28,1.4,22,10,16,7,1.97,11.2,2.46,3.15,
190808_EV38_1_Collagen_FBSwithAsc_63x_zstack_2.czi,47,FALSE,25,1.2,22,9,17,9,2.53,6.2,1.35,2.87,
190808_EV38_1_Collagen_FBSwithAsc_63x_zstack_2.czi,48,TRUE,61,2.9,22,6,15,10,2.81,14.8,3.26,4.31,
190808_EV38_1_Collagen_FBSwithAsc_63x_zstack_2.czi,49,TRUE,24,1.2,22,6,13,8,2.25,10.5,2.3,3.22,
190808_EV38_1_Collagen_FBSwithAsc_63x_zstack_2.czi,50,TRUE,24,1.2,22,7,13,7,1.97,10.1,2.22,2.97,
190808_EV38_1_Collagen_FBSwithAsc_63x_zstack_3.czi,1,TRUE,27,1.3,23,8,17,10,2.81,7,1.54,3.21,
190808_EV38_1_Collagen_FBSwithAsc_63x_zstack_3.czi,2,TRUE,41,2,23,8,15,8,2.25,12.1,2.67,3.49,
190808_EV38_1_Collagen_FBSwithAsc_63x_zstack_3.czi,3,TRUE,39,1.9,23,6,16,11,3.1,9.1,2,3.69,
190808_EV38_1_Collagen_FBSwithAsc_63x_zstack_3.czi,4,TRUE,22,1.1,23,12,20,9,2.53,6.1,1.34,2.87,
190808_EV38_1_Collagen_FBSwithAsc_63x_zstack_3.czi,5,TRUE,32,1.5,23,8,17,10,2.81,7.3,1.59,3.23,
190808_EV38_1_Collagen_FBSwithAsc_63x_zstack_3.czi,6,TRUE,18,0.9,23,14,19,6,1.69,5.2,1.14,2.04,
190808_EV38_1_Collagen_FBSwithAsc_63x_zstack_3.czi,7,TRUE,28,1.4,23,9,15,7,1.97,11.1,2.45,3.14,
190808_EV38_1_Collagen_FBSwithAsc_63x_zstack_3.czi,8,FALSE,24,1.2,23,10,18,9,2.53,6.3,1.39,2.89,yes
190808_EV38_1_Collagen_FBSwithAsc_63x_zstack_3.czi,9,TRUE,33,1.6,23,9,17,9,2.53,8.1,1.77,3.09,yes
190808_EV38_1_Collagen_FBSwithAsc_63x_zstack_3.czi,10,FALSE,18,0.9,23,10,17,8,2.25,5,1.1,2.5,
190808_EV38_1_Collagen_FBSwithAsc_63x_zstack_3.czi,11,TRUE,34,1.6,23,11,20,10,2.81,8.1,1.78,3.33,
190808_EV38_1_Collagen_FBSwithAsc_63x_zstack_3.czi,12,TRUE,13,0.6,23,12,18,7,1.97,5.2,1.15,2.28,
190808_EV38_1_Collagen_FBSwithAsc_63x_zstack_3.czi,13,TRUE,22,1.1,23,11,18,8,2.25,7.2,1.59,2.75,
190808_EV38_1_Collagen_FBSwithAsc_63x_zstack_3.czi,14,TRUE,43,2.1,23,9,19,11,3.1,8.5,1.87,3.62,yes
190808_EV38_1_Collagen_FBSwithAsc_63x_zstack_3.czi,15,TRUE,23,1.1,23,11,19,9,2.53,8,1.77,3.09,
190808_EV38_1_Collagen_FBSwithAsc_63x_zstack_3.czi,16,TRUE,24,1.2,23,9,18,10,2.81,7,1.55,3.21,
190808_EV38_1_Collagen_FBSwithAsc_63x_zstack_3.czi,17,TRUE,34,1.6,23,12,20,9,2.53,8.1,1.77,3.09,
190808_EV38_1_Collagen_FBSwithAsc_63x_zstack_3.czi,18,TRUE,29,1.4,23,9,16,8,2.25,9.5,2.09,3.07,yes
190808_EV38_1_Collagen_FBSwithAsc_63x_zstack_3.czi,19,TRUE,29,1.4,23,8,17,10,2.81,7,1.54,3.21,
190808_EV38_1_Collagen_FBSwithAsc_63x_zstack_3.czi,20,FALSE,22,1.1,23,12,22,11,3.1,6.1,1.33,3.37,yes
190808_EV38_1_Collagen_FBSwithAsc_63x_zstack_3.czi,21,TRUE,19,0.9,23,12,18,7,1.97,5.1,1.13,2.27,yes
190808_EV38_1_Collagen_FBSwithAsc_63x_zstack_3.czi,22,TRUE,35,1.7,23,12,22,11,3.1,8,1.76,3.56,
190808_EV38_1_Collagen_FBSwithAsc_63x_zstack_3.czi,23,FALSE,15,0.7,23,16,20,5,1.41,4,0.89,1.66,
190808_EV38_1_Collagen_FBSwithAsc_63x_zstack_4.czi,1,TRUE,19,0.9,23,4,12,9,2.53,5.4,1.2,2.8,
190808_EV38_1_Collagen_FBSwithAsc_63x_zstack_4.czi,2,TRUE,23,1.1,23,7,14,8,2.25,6.5,1.42,2.66,
190808_EV38_1_Collagen_FBSwithAsc_63x_zstack_4.czi,3,TRUE,37,1.8,23,6,12,7,1.97,12.7,2.78,3.41,
190808_EV38_1_Collagen_FBSwithAsc_63x_zstack_4.czi,4,TRUE,49,2.4,23,3,14,12,3.38,8.5,1.88,3.86,
190808_EV38_1_Collagen_FBSwithAsc_63x_zstack_4.czi,5,TRUE,50,2.4,23,2,10,9,2.53,13.4,2.94,3.88,
190808_EV38_1_Collagen_FBSwithAsc_63x_zstack_4.czi,6,TRUE,37,1.8,23,8,18,11,3.1,10.1,2.21,3.8,
190808_EV38_1_Collagen_FBSwithAsc_63x_zstack_4.czi,7,TRUE,37,1.8,23,6,14,9,2.53,10.1,2.22,3.37,
190808_EV38_1_Collagen_FBSwithAsc_63x_zstack_4.czi,8,TRUE,29,1.4,23,6,14,9,2.53,9.4,2.05,3.26,
190808_EV38_1_Collagen_FBSwithAsc_63x_zstack_4.czi,9,TRUE,58,2.8,23,3,14,12,3.38,12.5,2.74,4.35,
190808_EV38_1_Collagen_FBSwithAsc_63x_zstack_4.czi,10,FALSE,19,0.9,23,6,12,7,1.97,5,1.1,2.26,yes
190808_EV38_1_Collagen_FBSwithAsc_63x_zstack_4.czi,11,FALSE,22,1.1,23,6,15,10,2.81,6.1,1.33,3.11,
190808_EV38_1_Collagen_FBSwithAsc_63x_zstack_4.czi,12,TRUE,32,1.5,23,6,15,10,2.81,10.2,2.25,3.6,
190808_EV38_1_Collagen_FBSwithAsc_63x_zstack_4.czi,13,TRUE,25,1.2,23,6,11,6,1.69,9.1,2,2.62,
190808_EV38_1_Collagen_FBSwithAsc_63x_zstack_4.czi,14,TRUE,44,2.1,23,7,17,11,3.1,12.1,2.66,4.08,
190808_EV38_1_Collagen_FBSwithAsc_63x_zstack_4.czi,15,TRUE,18,0.9,23,7,11,5,1.41,7.3,1.6,2.13,
190808_EV38_1_Collagen_FBSwithAsc_63x_zstack_4.czi,16,TRUE,28,1.4,23,7,15,9,2.53,9.1,2,3.22,
190808_EV38_1_Collagen_FBSwithAsc_63x_zstack_4.czi,17,TRUE,36,1.7,23,6,15,10,2.81,10.5,2.31,3.64,
190808_EV38_1_Collagen_FBSwithAsc_63x_zstack_4.czi,18,TRUE,36,1.7,23,8,16,9,2.53,11.9,2.61,3.64,
190808_EV38_1_Collagen_FBSwithAsc_63x_zstack_4.czi,19,TRUE,37,1.8,23,2,11,10,2.81,10.2,2.23,3.59,
190808_EV38_1_Collagen_FBSwithAsc_63x_zstack_4.czi,20,TRUE,53,2.6,23,9,20,12,3.38,13,2.86,4.42,
190808_EV38_1_Collagen_FBSwithAsc_63x_zstack_4.czi,21,TRUE,38,1.8,23,11,19,9,2.53,12.1,2.65,3.67,
190808_EV38_1_Collagen_FBSwithAsc_63x_zstack_4.czi,22,TRUE,11,0.5,23,7,11,5,1.41,6.2,1.36,1.96,
190808_EV38_1_Collagen_FBSwithAsc_63x_zstack_4.czi,23,FALSE,21,1,23,6,15,10,2.81,6,1.32,3.11,
190808_EV38_1_Collagen_FBSwithAsc_63x_zstack_4.czi,24,TRUE,22,1.1,23,6,13,8,2.25,8.6,1.89,2.94,
190808_EV38_1_Collagen_FBSwithAsc_63x_zstack_4.czi,25,TRUE,24,1.2,23,6,13,8,2.25,7,1.55,2.73,
190808_EV38_1_Collagen_FBSwithAsc_63x_zstack_4.czi,26,TRUE,33,1.6,23,7,15,9,2.53,9.3,2.05,3.26,
190808_EV38_1_Collagen_FBSwithAsc_63x_zstack_4.czi,27,TRUE,28,1.4,23,9,17,9,2.53,9.7,2.13,3.31,
190808_EV38_1_Collagen_FBSwithAsc_63x_zstack_4.czi,28,TRUE,27,1.3,23,8,16,9,2.53,9.2,2.02,3.24,
190808_EV38_1_Collagen_FBSwithAsc_63x_zstack_4.czi,29,TRUE,65,3.1,23,9,18,10,2.81,17.6,3.87,4.78,
190808_EV38_1_Collagen_FBSwithAsc_63x_zstack_4.czi,30,TRUE,23,1.1,23,8,16,9,2.53,6.4,1.4,2.89,
190808_EV38_1_Collagen_FBSwithAsc_63x_zstack_4.czi,31,TRUE,41,2,23,6,15,10,2.81,12.5,2.73,3.92,
190808_EV38_1_Collagen_FBSwithAsc_63x_zstack_4.czi,32,TRUE,33,1.6,23,11,19,9,2.53,11.1,2.44,3.51,
190808_EV38_1_Collagen_FBSwithAsc_63x_zstack_4.czi,33,TRUE,31,1.5,23,8,16,9,2.53,10.2,2.23,3.38,
190808_EV38_1_Collagen_FBSwithAsc_63x_zstack_4.czi,34,TRUE,43,2.1,23,7,16,10,2.81,12,2.64,3.86,
190808_EV38_1_Collagen_FBSwithAsc_63x_zstack_4.czi,35,TRUE,24,1.2,23,7,16,10,2.81,7.1,1.56,3.22,
190808_EV38_1_Collagen_FBSwithAsc_63x_zstack_4.czi,36,FALSE,28,1.4,23,9,17,9,2.53,7,1.54,2.96,
190808_EV38_1_Collagen_FBSwithAsc_63x_zstack_4.czi,37,TRUE,44,2.1,23,5,14,10,2.81,11.2,2.45,3.73,
190808_EV38_1_Collagen_FBSwithAsc_63x_zstack_4.czi,38,TRUE,26,1.3,23,8,16,9,2.53,6.8,1.5,2.94,
190808_EV38_1_Collagen_FBSwithAsc_63x_zstack_4.czi,39,TRUE,17,0.8,23,12,21,10,2.81,6.1,1.34,3.12,
190808_EV38_1_Collagen_FBSwithAsc_63x_zstack_4.czi,40,TRUE,43,2.1,23,7,15,9,2.53,12.2,2.67,3.68,
190808_EV38_1_Collagen_FBSwithAsc_63x_zstack_4.czi,41,TRUE,26,1.3,23,6,14,9,2.53,7,1.54,2.97,
190808_EV38_1_Collagen_FBSwithAsc_63x_zstack_4.czi,42,TRUE,28,1.4,23,11,18,8,2.25,7.9,1.74,2.85,
190808_EV38_1_Collagen_FBSwithAsc_63x_zstack_4.czi,43,TRUE,39,1.9,23,8,17,10,2.81,11.8,2.58,3.82,
190808_EV38_1_Collagen_FBSwithAsc_63x_zstack_4.czi,44,TRUE,25,1.2,23,3,11,9,2.53,9.1,2,3.23,
190808_EV38_1_Collagen_FBSwithAsc_63x_zstack_4.czi,45,TRUE,30,1.4,23,8,16,9,2.53,10.3,2.27,3.4,
190808_EV38_1_Collagen_FBSwithAsc_63x_zstack_4.czi,46,TRUE,28,1.4,23,6,13,8,2.25,10.8,2.37,3.27,
190808_EV38_1_Collagen_FBSwithAsc_63x_zstack_4.czi,47,FALSE,28,1.4,23,8,16,9,2.53,6,1.32,2.85,
190808_EV38_1_Collagen_FBSwithAsc_63x_zstack_4.czi,48,TRUE,41,2,23,8,16,9,2.53,11.9,2.61,3.64,
190808_EV38_1_Collagen_FBSwithAsc_63x_zstack_4.czi,49,TRUE,32,1.5,23,6,13,8,2.25,13.1,2.87,3.65,
190808_EV38_1_Collagen_FBSwithAsc_63x_zstack_4.czi,50,TRUE,37,1.8,23,5,13,9,2.53,11.5,2.53,3.58,
190808_EV38_1_Collagen_FBSwithAsc_63x_zstack_4.czi,51,TRUE,33,1.6,23,9,17,9,2.53,12,2.64,3.66,
190808_EV38_1_Collagen_FBSwithAsc_63x_zstack_4.czi,52,TRUE,13,0.6,23,12,16,5,1.41,6.2,1.36,1.95,
190808_EV38_1_Collagen_FBSwithAsc_63x_zstack_4.czi,53,TRUE,28,1.4,23,4,12,9,2.53,8.1,1.77,3.09,
190808_EV38_1_Collagen_FBSwithAsc_63x_zstack_4.czi,54,TRUE,49,2.4,23,7,17,11,3.1,11.1,2.44,3.94,
190808_EV38_1_Collagen_FBSwithAsc_63x_zstack_4.czi,55,TRUE,29,1.4,23,6,14,9,2.53,9.1,2,3.23,
190808_EV38_1_Collagen_FBSwithAsc_63x_zstack_4.czi,56,TRUE,25,1.2,23,6,15,10,2.81,6.5,1.44,3.16,
190808_EV38_1_Collagen_FBSwithAsc_63x_zstack_4.czi,57,TRUE,33,1.6,23,11,18,8,2.25,10.2,2.24,3.17,
190808_EV38_1_Collagen_FBSwithAsc_63x_zstack_5.czi,1,TRUE,24,1.2,24,11,17,7,1.97,7,1.54,2.5,
190808_EV38_1_Collagen_FBSwithAsc_63x_zstack_5.czi,2,TRUE,37,1.8,24,11,21,11,3.1,8.2,1.79,3.58,
190808_EV38_1_Collagen_FBSwithAsc_63x_zstack_5.czi,3,TRUE,14,0.7,24,12,16,5,1.41,5.4,1.18,1.84,
190808_EV38_1_Collagen_FBSwithAsc_63x_zstack_5.czi,4,TRUE,17,0.8,24,11,16,6,1.69,7,1.54,2.28,
190808_EV38_1_Collagen_FBSwithAsc_63x_zstack_5.czi,5,TRUE,63,3,24,7,18,12,3.38,13.3,2.93,4.47,yes
190808_EV38_1_Collagen_FBSwithAsc_63x_zstack_5.czi,6,TRUE,24,1.2,24,11,18,8,2.25,7.1,1.56,2.74,
190808_EV38_1_Collagen_FBSwithAsc_63x_zstack_5.czi,7,TRUE,37,1.8,24,10,18,9,2.53,9.1,2,3.23,
190808_EV38_1_Collagen_FBSwithAsc_63x_zstack_5.czi,8,TRUE,30,1.4,24,10,18,9,2.53,9.1,2,3.22,
190808_EV38_1_Collagen_FBSwithAsc_63x_zstack_5.czi,9,TRUE,15,0.7,24,11,15,5,1.41,5.4,1.18,1.84,
190808_EV38_1_Collagen_FBSwithAsc_63x_zstack_5.czi,10,TRUE,12,0.6,24,11,14,4,1.13,5.3,1.15,1.61,
190808_EV38_1_Collagen_FBSwithAsc_63x_zstack_5.czi,11,TRUE,36,1.7,24,8,16,9,2.53,9.5,2.09,3.28,
190808_EV38_1_Collagen_FBSwithAsc_63x_zstack_5.czi,12,FALSE,20,1,24,11,19,9,2.53,5,1.1,2.76,
190808_EV38_1_Collagen_FBSwithAsc_63x_zstack_5.czi,13,TRUE,87,4.2,24,7,19,13,3.66,18.3,4.01,5.43,
190808_EV38_1_Collagen_FBSwithAsc_63x_zstack_5.czi,14,TRUE,26,1.3,24,12,21,10,2.81,7,1.54,3.21,
190808_EV38_1_Collagen_FBSwithAsc_63x_zstack_5.czi,15,TRUE,25,1.2,24,8,15,8,2.25,7.5,1.65,2.79,
190808_EV38_1_Collagen_FBSwithAsc_63x_zstack_5.czi,16,TRUE,25,1.2,24,11,19,9,2.53,8,1.76,3.08,
190808_EV38_1_Collagen_FBSwithAsc_63x_zstack_5.czi,17,TRUE,28,1.4,24,11,18,8,2.25,8,1.76,2.86,
190808_EV38_1_Collagen_FBSwithAsc_63x_zstack_5.czi,18,TRUE,16,0.8,24,12,17,6,1.69,5.3,1.16,2.05,
190808_EV38_1_Collagen_FBSwithAsc_63x_zstack_5.czi,19,TRUE,41,2,24,6,18,13,3.66,10,2.21,4.27,
190808_EV38_1_Collagen_ITSwithAsc_63x_zstack_1.czi,1,TRUE,30,1.4,32,5,13,9,2.53,7.6,1.66,3.03,
190808_EV38_1_Collagen_ITSwithAsc_63x_zstack_1.czi,2,TRUE,43,2.1,32,6,15,10,2.81,8.2,1.81,3.34,
190808_EV38_1_Collagen_ITSwithAsc_63x_zstack_1.czi,3,TRUE,36,1.7,32,5,12,8,2.25,10.4,2.28,3.2,
190808_EV38_1_Collagen_ITSwithAsc_63x_zstack_1.czi,4,TRUE,46,2.2,32,3,12,10,2.81,11.5,2.53,3.79,
190808_EV38_1_Collagen_ITSwithAsc_63x_zstack_1.czi,5,FALSE,25,1.2,32,5,11,7,1.97,6,1.32,2.37,
190808_EV38_1_Collagen_ITSwithAsc_63x_zstack_1.czi,6,TRUE,50,2.4,32,3,11,9,2.53,12.3,2.7,3.7,
190808_EV38_1_Collagen_ITSwithAsc_63x_zstack_1.czi,7,TRUE,28,1.4,32,4,13,10,2.81,7.8,1.7,3.29,
190808_EV38_1_Collagen_ITSwithAsc_63x_zstack_1.czi,8,TRUE,43,2.1,32,7,15,9,2.53,8.5,1.86,3.14,
190808_EV38_1_Collagen_ITSwithAsc_63x_zstack_1.czi,9,TRUE,39,1.9,32,4,11,8,2.25,11,2.42,3.31,
190808_EV38_1_Collagen_ITSwithAsc_63x_zstack_1.czi,10,TRUE,41,2,32,6,13,8,2.25,9.7,2.12,3.09,
190808_EV38_1_Collagen_ITSwithAsc_63x_zstack_1.czi,11,TRUE,69,3.3,32,3,12,10,2.81,15.3,3.36,4.38,
190808_EV38_1_Collagen_ITSwithAsc_63x_zstack_1.czi,12,TRUE,26,1.3,32,7,14,8,2.25,7.1,1.56,2.74,
190808_EV38_1_Collagen_ITSwithAsc_63x_zstack_1.czi,13,TRUE,43,2.1,32,5,12,8,2.25,11.6,2.56,3.41,
190808_EV38_1_Collagen_ITSwithAsc_63x_zstack_1.czi,14,TRUE,46,2.2,32,7,16,10,2.81,9,1.98,3.44,
190808_EV38_1_Collagen_ITSwithAsc_63x_zstack_1.czi,15,TRUE,71,3.4,32,7,15,9,2.53,15.8,3.47,4.3,
190808_EV38_1_Collagen_ITSwithAsc_63x_zstack_1.czi,16,TRUE,56,2.7,32,5,13,9,2.53,13.5,2.96,3.89,
190808_EV38_1_Collagen_ITSwithAsc_63x_zstack_1.czi,17,TRUE,38,1.8,32,5,12,8,2.25,9.6,2.1,3.08,
190808_EV38_1_Collagen_ITSwithAsc_63x_zstack_1.czi,18,TRUE,63,3,32,7,15,9,2.53,13.2,2.9,3.85,
190808_EV38_1_Collagen_ITSwithAsc_63x_zstack_1.czi,19,TRUE,51,2.5,32,6,13,8,2.25,12,2.63,3.46,
190808_EV38_1_Collagen_ITSwithAsc_63x_zstack_1.czi,20,TRUE,64,3.1,32,6,13,8,2.25,14.4,3.17,3.89,
190808_EV38_1_Collagen_ITSwithAsc_63x_zstack_2.czi,1,TRUE,33,1.6,55,10,23,14,3.94,7.2,1.58,4.24,
190808_EV38_1_Collagen_ITSwithAsc_63x_zstack_2.czi,2,FALSE,33,1.6,55,11,21,11,3.1,7,1.54,3.46,
190808_EV38_1_Collagen_ITSwithAsc_63x_zstack_2.czi,3,TRUE,39,1.9,55,11,23,13,3.66,12.1,2.65,4.52,
190808_EV38_1_Collagen_ITSwithAsc_63x_zstack_2.czi,4,TRUE,43,2.1,55,10,20,11,3.1,12,2.64,4.07,
190808_EV38_1_Collagen_ITSwithAsc_63x_zstack_2.czi,5,FALSE,35,1.7,55,13,23,11,3.1,7.3,1.6,3.49,
190808_EV38_1_Collagen_ITSwithAsc_63x_zstack_2.czi,6,TRUE,62,3,55,13,23,11,3.1,15.7,3.44,4.63,
190808_EV38_1_Collagen_ITSwithAsc_63x_zstack_2.czi,7,TRUE,43,2.1,55,13,23,11,3.1,11,2.42,3.93,
190808_EV38_1_Collagen_ITSwithAsc_63x_zstack_2.czi,8,TRUE,40,1.9,55,13,23,11,3.1,11.1,2.45,3.95,
190808_EV38_1_Collagen_ITSwithAsc_63x_zstack_2.czi,9,TRUE,51,2.5,55,13,22,10,2.81,14.4,3.17,4.24,
190808_EV38_1_Collagen_ITSwithAsc_63x_zstack_2.czi,10,FALSE,25,1.2,55,17,26,10,2.81,6.2,1.36,3.13,
190808_EV38_1_Collagen_ITSwithAsc_63x_zstack_2.czi,11,TRUE,29,1.4,55,18,27,10,2.81,7.6,1.67,3.27,
190808_EV38_1_Collagen_ITSwithAsc_63x_zstack_2.czi,12,TRUE,39,1.9,55,18,27,10,2.81,8.6,1.88,3.38,
190808_EV38_1_Collagen_ITSwithAsc_63x_zstack_2.czi,13,FALSE,35,1.7,55,18,29,12,3.38,7.3,1.61,3.74,
190808_EV38_1_Collagen_ITSwithAsc_63x_zstack_2.czi,14,TRUE,51,2.5,55,14,24,11,3.1,12.2,2.69,4.1,
190808_EV38_1_Collagen_ITSwithAsc_63x_zstack_3.czi,1,FALSE,44,2.1,38,15,30,16,4.5,9.3,2.03,4.94,
190808_EV38_1_Collagen_ITSwithAsc_63x_zstack_3.czi,2,TRUE,38,1.8,38,16,27,12,3.38,9,1.98,3.91,
190808_EV38_1_Collagen_ITSwithAsc_63x_zstack_3.czi,3,TRUE,32,1.5,38,18,27,10,2.81,7.7,1.69,3.28,
190808_EV38_1_Collagen_ITSwithAsc_63x_zstack_3.czi,4,TRUE,43,2.1,38,14,29,16,4.5,10.1,2.22,5.02,
190808_EV38_1_Collagen_ITSwithAsc_63x_zstack_3.czi,5,TRUE,65,3.1,38,16,28,13,3.66,13.4,2.95,4.7,
190808_EV38_1_Collagen_ITSwithAsc_63x_zstack_3.czi,6,TRUE,31,1.5,38,14,25,12,3.38,7.4,1.64,3.75,
190808_EV38_1_Collagen_ITSwithAsc_63x_zstack_3.czi,7,TRUE,66,3.2,38,9,26,18,5.07,12.2,2.67,5.73,
190808_EV38_1_Collagen_ITSwithAsc_63x_zstack_3.czi,8,TRUE,25,1.2,38,18,26,9,2.53,6.4,1.41,2.9,
190808_EV38_1_Collagen_ITSwithAsc_63x_zstack_3.czi,9,FALSE,26,1.3,38,20,28,9,2.53,6,1.33,2.86,
190808_EV38_1_Collagen_ITSwithAsc_63x_zstack_3.czi,10,TRUE,33,1.6,38,17,28,12,3.38,7.2,1.57,3.72,
190808_EV38_1_Collagen_ITSwithAsc_63x_zstack_3.czi,11,TRUE,51,2.5,38,15,26,12,3.38,13,2.86,4.42,
190808_EV38_1_Collagen_ITSwithAsc_63x_zstack_3.czi,12,TRUE,26,1.3,38,17,27,11,3.1,6.7,1.48,3.43,
190808_EV38_1_Collagen_ITSwithAsc_63x_zstack_3.czi,13,FALSE,19,0.9,38,24,32,9,2.53,5,1.1,2.76,
190808_EV38_1_Collagen_ITSwithAsc_63x_zstack_3.czi,14,TRUE,88,4.2,38,13,28,16,4.5,14.5,3.18,5.51,
190808_EV38_1_Collagen_ITSwithAsc_63x_zstack_3.czi,15,TRUE,34,1.6,38,13,24,12,3.38,8,1.76,3.81,
190808_EV38_1_Collagen_ITSwithAsc_63x_zstack_3.czi,16,TRUE,37,1.8,38,15,24,10,2.81,11.1,2.43,3.72,
190808_EV38_1_Collagen_ITSwithAsc_63x_zstack_3.czi,17,TRUE,26,1.3,38,17,26,10,2.81,8,1.76,3.32,
190808_EV38_1_Collagen_ITSwithAsc_63x_zstack_3.czi,18,TRUE,25,1.2,38,15,24,10,2.81,7.1,1.55,3.21,
190808_EV38_1_Collagen_ITSwithAsc_63x_zstack_4.czi,1,TRUE,44,2.1,34,12,22,11,3.1,11.6,2.56,4.01,
190808_EV38_1_Collagen_ITSwithAsc_63x_zstack_4.czi,2,TRUE,41,2,34,13,23,11,3.1,9.3,2.04,3.71,
190808_EV38_1_Collagen_ITSwithAsc_63x_zstack_4.czi,3,TRUE,39,1.9,34,11,21,11,3.1,10.2,2.24,3.82,
190808_EV38_1_Collagen_ITSwithAsc_63x_zstack_4.czi,4,TRUE,19,0.9,34,15,22,8,2.25,6.3,1.38,2.64,
190808_EV38_1_Collagen_ITSwithAsc_63x_zstack_4.czi,5,TRUE,34,1.6,34,13,23,11,3.1,8.1,1.78,3.57,
190808_EV38_1_Collagen_ITSwithAsc_63x_zstack_4.czi,6,TRUE,52,2.5,34,10,23,14,3.94,11.5,2.53,4.68,
190808_EV38_1_Collagen_ITSwithAsc_63x_zstack_4.czi,7,TRUE,37,1.8,34,13,23,11,3.1,10.3,2.25,3.83,
190808_EV38_1_Collagen_ITSwithAsc_63x_zstack_4.czi,8,FALSE,23,1.1,34,13,24,12,3.38,6,1.32,3.63,
190808_EV38_1_Collagen_ITSwithAsc_63x_zstack_4.czi,9,TRUE,47,2.3,34,17,27,11,3.1,11.2,2.47,3.96,
190808_EV38_1_Collagen_ITSwithAsc_63x_zstack_4.czi,10,TRUE,49,2.4,34,12,24,13,3.66,11.1,2.44,4.4,
190808_EV38_1_Collagen_ITSwithAsc_63x_zstack_4.czi,11,TRUE,44,2.1,34,14,25,12,3.38,10,2.2,4.03,
190808_EV38_1_Collagen_ITSwithAsc_63x_zstack_4.czi,12,TRUE,26,1.3,34,13,23,11,3.1,7.2,1.59,3.48,
190808_EV38_1_Collagen_ITSwithAsc_63x_zstack_4.czi,13,TRUE,33,1.6,34,14,26,13,3.66,8.7,1.92,4.13,
190808_EV38_1_Collagen_ITSwithAsc_63x_zstack_4.czi,14,TRUE,43,2.1,34,14,27,14,3.94,9.4,2.07,4.45,
190808_EV38_1_Collagen_ITSwithAsc_63x_zstack_4.czi,15,TRUE,36,1.7,34,12,23,12,3.38,9.2,2.02,3.93,
190808_EV38_1_Collagen_ITSwithAsc_63x_zstack_4.czi,16,TRUE,23,1.1,34,16,25,10,2.81,6.3,1.39,3.14,
190808_EV38_1_Collagen_ITSwithAsc_63x_zstack_4.czi,17,TRUE,27,1.3,34,11,22,12,3.38,7,1.54,3.71,
190808_EV38_1_Collagen_ITSwithAsc_63x_zstack_4.czi,18,TRUE,31,1.5,34,13,23,11,3.1,7.4,1.64,3.5,
190808_EV38_1_Collagen_ITSwithAsc_63x_zstack_5.czi,1,TRUE,24,1.2,39,12,22,11,3.1,7,1.54,3.46,
190808_EV38_1_Collagen_ITSwithAsc_63x_zstack_5.czi,2,TRUE,48,2.3,39,9,21,13,3.66,10,2.2,4.27,
190808_EV38_1_Collagen_ITSwithAsc_63x_zstack_5.czi,3,TRUE,36,1.7,39,13,23,11,3.1,7.9,1.72,3.54,
190808_EV38_1_Collagen_ITSwithAsc_63x_zstack_5.czi,4,TRUE,27,1.3,39,10,20,11,3.1,7,1.54,3.46,
190808_EV38_1_Collagen_ITSwithAsc_63x_zstack_5.czi,5,TRUE,23,1.1,39,10,20,11,3.1,7.1,1.55,3.46,
190808_EV38_1_Collagen_ITSwithAsc_63x_zstack_5.czi,6,TRUE,27,1.3,39,10,20,11,3.1,7.8,1.71,3.53,
190808_EV38_1_Collagen_ITSwithAsc_63x_zstack_5.czi,7,TRUE,26,1.3,39,11,20,10,2.81,8.1,1.77,3.33,
190808_EV38_1_Collagen_ITSwithAsc_63x_zstack_5.czi,8,TRUE,77,3.7,39,13,27,15,4.22,11.1,2.43,4.87,yes
190808_EV38_1_Collagen_ITSwithAsc_63x_zstack_5.czi,9,FALSE,23,1.1,39,12,22,11,3.1,5,1.1,3.28,
190808_EV38_1_Collagen_ITSwithAsc_63x_zstack_5.czi,10,TRUE,29,1.4,39,11,20,10,2.81,7.4,1.62,3.25,
190808_EV38_1_Collagen_ITSwithAsc_63x_zstack_5.czi,11,FALSE,30,1.4,39,12,22,11,3.1,6.1,1.34,3.37,
190808_EV38_1_Collagen_ITSwithAsc_63x_zstack_5.czi,12,TRUE,39,1.9,39,8,18,11,3.1,11.1,2.43,3.94,
190808_EV38_1_Collagen_ITSwithAsc_63x_zstack_5.czi,13,TRUE,69,3.3,39,9,20,12,3.38,15.2,3.34,4.75,
190808_EV38_1_Collagen_ITSwithAsc_63x_zstack_5.czi,14,FALSE,30,1.4,39,12,23,12,3.38,6.3,1.38,3.65,
190808_EV38_1_Collagen_ITSwithAsc_63x_zstack_6.czi,1,FALSE,28,1.4,53,14,25,12,3.38,7,1.54,3.71,
190808_EV38_1_Collagen_ITSwithAsc_63x_zstack_6.czi,2,TRUE,45,2.2,53,18,29,12,3.38,10.2,2.24,4.05,
190808_EV38_1_Collagen_ITSwithAsc_63x_zstack_6.czi,3,TRUE,44,2.1,53,17,29,13,3.66,10.4,2.28,4.31,
190808_EV38_1_Collagen_ITSwithAsc_63x_zstack_6.czi,4,TRUE,27,1.3,53,16,27,12,3.38,9.5,2.08,3.97,
190808_EV38_1_Collagen_ITSwithAsc_63x_zstack_6.czi,5,TRUE,52,2.5,53,14,28,15,4.22,10.9,2.39,4.85,
190808_EV38_1_Collagen_ITSwithAsc_63x_zstack_6.czi,6,TRUE,61,2.9,53,15,27,13,3.66,12.6,2.76,4.58,
190808_EV38_1_Collagen_ITSwithAsc_63x_zstack_6.czi,7,TRUE,23,1.1,53,21,30,10,2.81,6.2,1.36,3.12,
190808_EV38_1_Collagen_ITSwithAsc_63x_zstack_6.czi,8,TRUE,62,3,53,15,28,14,3.94,14.5,3.18,5.06,
190808_EV38_1_Collagen_ITSwithAsc_63x_zstack_6.czi,9,TRUE,46,2.2,53,15,28,14,3.94,11.4,2.51,4.67,
190808_EV38_1_Collagen_ITSwithAsc_63x_zstack_6.czi,10,TRUE,42,2,53,20,32,13,3.66,10.1,2.21,4.27,
190808_EV38_1_Collagen_ITSwithAsc_63x_zstack_6.czi,11,FALSE,28,1.4,53,21,31,11,3.1,7.1,1.57,3.47,
190808_EV38_1_Collagen_ITSwithAsc_63x_zstack_6.czi,12,TRUE,46,2.2,53,16,30,15,4.22,9.2,2.03,4.68,
190808_EV38_1_Collagen_ITSwithAsc_63x_zstack_6.czi,13,TRUE,69,3.3,53,14,31,18,5.07,14.6,3.2,5.99,
190808_EV38_1_Collagen_ITSwithAsc_63x_zstack_6.czi,14,TRUE,45,2.2,53,18,31,14,3.94,11.4,2.49,4.66,
190808_EV38_1_Collagen_ITSwithAsc_63x_zstack_6.czi,15,TRUE,36,1.7,53,21,32,12,3.38,9,1.98,3.91,
190808_EV38_1_Collagen_ITSwithAsc_63x_zstack_6.czi,16,FALSE,29,1.4,53,23,33,11,3.1,6,1.32,3.37,
190808_EV38_1_Collagen_ITSwithAsc_63x_zstack_6.czi,17,TRUE,24,1.2,53,18,29,12,3.38,7,1.54,3.71,
190808_EV38_1_Collagen_ITSwithAsc_63x_zstack_6.czi,18,FALSE,21,1,53,19,30,12,3.38,5.3,1.16,3.57,
190815_EV38_2_Collagen_ITSwithAsc+Dexa_63x_zstack_1.czi,1,TRUE,34,1.6,25,5,12,8,2.25,12.7,2.79,3.59,
190815_EV38_2_Collagen_ITSwithAsc+Dexa_63x_zstack_1.czi,2,TRUE,27,1.3,25,5,14,10,2.81,8,1.75,3.32,
190815_EV38_2_Collagen_ITSwithAsc+Dexa_63x_zstack_1.czi,3,TRUE,64,3.1,25,6,18,13,3.66,20.2,4.44,5.75,
190815_EV38_2_Collagen_ITSwithAsc+Dexa_63x_zstack_1.czi,4,TRUE,51,2.5,25,13,23,11,3.1,17.8,3.92,4.99,
190815_EV38_2_Collagen_ITSwithAsc+Dexa_63x_zstack_1.czi,5,TRUE,45,2.2,25,7,17,11,3.1,14,3.08,4.37,
190815_EV38_2_Collagen_ITSwithAsc+Dexa_63x_zstack_1.czi,6,TRUE,34,1.6,25,9,19,11,3.1,8,1.76,3.56,
190815_EV38_2_Collagen_ITSwithAsc+Dexa_63x_zstack_1.czi,7,TRUE,25,1.2,25,11,22,12,3.38,6,1.32,3.63,
190815_EV38_2_Collagen_ITSwithAsc+Dexa_63x_zstack_1.czi,8,TRUE,35,1.7,25,7,17,11,3.1,10,2.2,3.8,
190815_EV38_2_Collagen_ITSwithAsc+Dexa_63x_zstack_1.czi,9,TRUE,37,1.8,25,9,19,11,3.1,11.8,2.59,4.04,
190815_EV38_2_Collagen_ITSwithAsc+Dexa_63x_zstack_1.czi,10,TRUE,45,2.2,25,7,16,10,2.81,13.4,2.95,4.07,
190815_EV38_2_Collagen_ITSwithAsc+Dexa_63x_zstack_1.czi,11,TRUE,40,1.9,25,9,18,10,2.81,12.4,2.72,3.91,
190815_EV38_2_Collagen_ITSwithAsc+Dexa_63x_zstack_1.czi,12,TRUE,85,4.1,25,5,16,12,3.38,22.2,4.87,5.93,
190815_EV38_2_Collagen_ITSwithAsc+Dexa_63x_zstack_1.czi,13,TRUE,34,1.6,25,11,20,10,2.81,9.1,1.99,3.45,
190815_EV38_2_Collagen_ITSwithAsc+Dexa_63x_zstack_1.czi,14,TRUE,44,2.1,25,7,16,10,2.81,16.1,3.54,4.52,
190815_EV38_2_Collagen_ITSwithAsc+Dexa_63x_zstack_1.czi,15,TRUE,34,1.6,25,7,16,10,2.81,11.4,2.5,3.77,
190815_EV38_2_Collagen_ITSwithAsc+Dexa_63x_zstack_1.czi,16,TRUE,24,1.2,25,9,17,9,2.53,7,1.54,2.96,
190815_EV38_2_Collagen_ITSwithAsc+Dexa_63x_zstack_1.czi,17,TRUE,18,0.9,25,11,18,8,2.25,5.6,1.24,2.57,
190815_EV38_2_Collagen_ITSwithAsc+Dexa_63x_zstack_1.czi,18,TRUE,51,2.5,25,6,16,11,3.1,17,3.74,4.86,
190815_EV38_2_Collagen_ITSwithAsc+Dexa_63x_zstack_1.czi,19,TRUE,37,1.8,25,8,17,10,2.81,11.7,2.56,3.8,
190815_EV38_2_Collagen_ITSwithAsc+Dexa_63x_zstack_1.czi,20,TRUE,53,2.6,25,9,19,11,3.1,13.7,3,4.31,
190815_EV38_2_Collagen_ITSwithAsc+Dexa_63x_zstack_1.czi,21,TRUE,24,1.2,25,9,18,10,2.81,9.2,2.03,3.47,
190815_EV38_2_Collagen_ITSwithAsc+Dexa_63x_zstack_1.czi,22,TRUE,42,2,25,8,17,10,2.81,11.8,2.58,3.82,
190815_EV38_2_Collagen_ITSwithAsc+Dexa_63x_zstack_1.czi,23,TRUE,47,2.3,25,11,20,10,2.81,15.9,3.5,4.49,
190815_EV38_2_Collagen_ITSwithAsc+Dexa_63x_zstack_1.czi,24,TRUE,18,0.9,25,14,24,11,3.1,5.1,1.13,3.3,
190815_EV38_2_Collagen_ITSwithAsc+Dexa_63x_zstack_1.czi,25,TRUE,50,2.4,25,9,18,10,2.81,16.1,3.53,4.51,
190815_EV38_2_Collagen_ITSwithAsc+Dexa_63x_zstack_1.czi,26,TRUE,33,1.6,25,10,20,11,3.1,9.5,2.1,3.74,
190815_EV38_2_Collagen_ITSwithAsc+Dexa_63x_zstack_1.czi,27,TRUE,64,3.1,25,8,18,11,3.1,17,3.73,4.85,
190815_EV38_2_Collagen_ITSwithAsc+Dexa_63x_zstack_1.czi,28,TRUE,20,1,25,12,19,8,2.25,6.7,1.46,2.69,
190815_EV38_2_Collagen_ITSwithAsc+Dexa_63x_zstack_2.czi,1,TRUE,63,3,25,7,17,11,3.1,15.7,3.44,4.63,
190815_EV38_2_Collagen_ITSwithAsc+Dexa_63x_zstack_2.czi,2,TRUE,40,1.9,25,8,17,10,2.81,13.7,3.01,4.12,
190815_EV38_2_Collagen_ITSwithAsc+Dexa_63x_zstack_2.czi,3,TRUE,62,3,25,9,18,10,2.81,14.5,3.18,4.24,
190815_EV38_2_Collagen_ITSwithAsc+Dexa_63x_zstack_2.czi,4,TRUE,49,2.4,25,9,18,10,2.81,13,2.86,4.01,
190815_EV38_2_Collagen_ITSwithAsc+Dexa_63x_zstack_2.czi,5,TRUE,44,2.1,25,8,15,8,2.25,13.7,3,3.75,
190815_EV38_2_Collagen_ITSwithAsc+Dexa_63x_zstack_2.czi,6,TRUE,47,2.3,25,8,17,10,2.81,14,3.08,4.17,
190815_EV38_2_Collagen_ITSwithAsc+Dexa_63x_zstack_2.czi,7,TRUE,76,3.7,25,8,17,10,2.81,20.5,4.51,5.31,
190815_EV38_2_Collagen_ITSwithAsc+Dexa_63x_zstack_2.czi,8,TRUE,42,2,25,9,18,10,2.81,14.2,3.12,4.2,
190815_EV38_2_Collagen_ITSwithAsc+Dexa_63x_zstack_2.czi,9,TRUE,37,1.8,25,9,17,9,2.53,11.2,2.46,3.53,
190815_EV38_2_Collagen_ITSwithAsc+Dexa_63x_zstack_2.czi,10,TRUE,27,1.3,25,10,17,8,2.25,8,1.76,2.86,
190815_EV38_2_Collagen_ITSwithAsc+Dexa_63x_zstack_2.czi,11,TRUE,27,1.3,25,10,17,8,2.25,11.1,2.43,3.32,
190815_EV38_2_Collagen_ITSwithAsc+Dexa_63x_zstack_2.czi,12,TRUE,34,1.6,25,10,18,9,2.53,11.4,2.5,3.56,
190815_EV38_2_Collagen_ITSwithAsc+Dexa_63x_zstack_2.czi,13,TRUE,45,2.2,25,10,19,10,2.81,13,2.86,4.02,
190815_EV38_2_Collagen_ITSwithAsc+Dexa_63x_zstack_2.czi,14,TRUE,28,1.4,25,11,19,9,2.53,8.2,1.8,3.1,
190815_EV38_2_Collagen_ITSwithAsc+Dexa_63x_zstack_2.czi,15,FALSE,17,0.8,25,10,17,8,2.25,5,1.1,2.51,
190815_EV38_2_Collagen_ITSwithAsc+Dexa_63x_zstack_2.czi,16,TRUE,21,1,25,13,21,9,2.53,6.1,1.33,2.86,
190815_EV38_2_Collagen_ITSwithAsc+Dexa_63x_zstack_2.czi,17,TRUE,38,1.8,25,7,16,10,2.81,10.6,2.32,3.65,
190815_EV38_2_Collagen_ITSwithAsc+Dexa_63x_zstack_2.czi,18,TRUE,50,2.4,25,7,16,10,2.81,14.6,3.22,4.27,
190815_EV38_2_Collagen_ITSwithAsc+Dexa_63x_zstack_2.czi,19,TRUE,38,1.8,25,9,17,9,2.53,11.5,2.53,3.58,
190815_EV38_2_Collagen_ITSwithAsc+Dexa_63x_zstack_2.czi,20,TRUE,45,2.2,25,9,16,8,2.25,17,3.74,4.37,
190815_EV38_2_Collagen_ITSwithAsc+Dexa_63x_zstack_2.czi,21,TRUE,18,0.9,25,12,16,5,1.41,6.1,1.34,1.95,
190815_EV38_2_Collagen_ITSwithAsc+Dexa_63x_zstack_2.czi,22,TRUE,47,2.3,25,10,18,9,2.53,12.9,2.83,3.8,
190815_EV38_2_Collagen_ITSwithAsc+Dexa_63x_zstack_2.czi,23,TRUE,22,1.1,25,10,17,8,2.25,8,1.76,2.86,
190815_EV38_2_Collagen_ITSwithAsc+Dexa_63x_zstack_2.czi,24,TRUE,27,1.3,25,12,20,9,2.53,7.1,1.56,2.98,
190815_EV38_2_Collagen_ITSwithAsc+Dexa_63x_zstack_2.czi,25,TRUE,22,1.1,25,12,20,9,2.53,6.3,1.39,2.89,
190815_EV38_2_Collagen_ITSwithAsc+Dexa_63x_zstack_2.czi,26,TRUE,48,2.3,25,11,20,10,2.81,14,3.09,4.18,
190815_EV38_2_Collagen_ITSwithAsc+Dexa_63x_zstack_2.czi,27,TRUE,18,0.9,25,13,20,8,2.25,6,1.32,2.61,
190815_EV38_2_Collagen_ITSwithAsc+Dexa_63x_zstack_3.czi,1,TRUE,15,0.7,24,10,14,5,1.41,5.2,1.13,1.81,
190815_EV38_2_Collagen_ITSwithAsc+Dexa_63x_zstack_3.czi,2,TRUE,21,1,24,8,15,8,2.25,7.2,1.58,2.75,
190815_EV38_2_Collagen_ITSwithAsc+Dexa_63x_zstack_3.czi,3,TRUE,32,1.5,24,7,13,7,1.97,13.5,2.97,3.56,
190815_EV38_2_Collagen_ITSwithAsc+Dexa_63x_zstack_3.czi,4,TRUE,25,1.2,24,12,21,10,2.81,7.4,1.63,3.25,
190815_EV38_2_Collagen_ITSwithAsc+Dexa_63x_zstack_3.czi,5,TRUE,57,2.7,24,6,16,11,3.1,17.2,3.79,4.89,
190815_EV38_2_Collagen_ITSwithAsc+Dexa_63x_zstack_3.czi,6,TRUE,62,3,24,5,15,11,3.1,15.5,3.4,4.6,
190815_EV38_2_Collagen_ITSwithAsc+Dexa_63x_zstack_3.czi,7,TRUE,45,2.2,24,7,16,10,2.81,11.2,2.46,3.74,
190815_EV38_2_Collagen_ITSwithAsc+Dexa_63x_zstack_3.czi,8,TRUE,57,2.7,24,8,17,10,2.81,14.2,3.12,4.2,
190815_EV38_2_Collagen_ITSwithAsc+Dexa_63x_zstack_3.czi,9,TRUE,12,0.6,24,8,13,6,1.69,5,1.1,2.02,
190815_EV38_2_Collagen_ITSwithAsc+Dexa_63x_zstack_3.czi,10,TRUE,34,1.6,24,8,16,9,2.53,10,2.21,3.36,
190815_EV38_2_Collagen_ITSwithAsc+Dexa_63x_zstack_3.czi,11,TRUE,47,2.3,24,7,16,10,2.81,14.7,3.22,4.28,
190815_EV38_2_Collagen_ITSwithAsc+Dexa_63x_zstack_3.czi,12,TRUE,22,1.1,24,9,16,8,2.25,8.7,1.91,2.95,
190815_EV38_2_Collagen_ITSwithAsc+Dexa_63x_zstack_3.czi,13,TRUE,20,1,24,8,15,8,2.25,6.5,1.42,2.66,
190815_EV38_2_Collagen_ITSwithAsc+Dexa_63x_zstack_3.czi,14,TRUE,36,1.7,24,6,15,10,2.81,10.1,2.23,3.59,
190815_EV38_2_Collagen_ITSwithAsc+Dexa_63x_zstack_3.czi,15,TRUE,29,1.4,24,6,14,9,2.53,7.9,1.74,3.08,
190815_EV38_2_Collagen_ITSwithAsc+Dexa_63x_zstack_3.czi,16,TRUE,20,1,24,11,18,8,2.25,8.4,1.85,2.92,
190815_EV38_2_Collagen_ITSwithAsc+Dexa_63x_zstack_3.czi,17,TRUE,32,1.5,24,7,16,10,2.81,10,2.19,3.57,
190815_EV38_2_Collagen_ITSwithAsc+Dexa_63x_zstack_3.czi,18,TRUE,45,2.2,24,7,16,10,2.81,13.3,2.93,4.06,
190815_EV38_2_Collagen_ITSwithAsc+Dexa_63x_zstack_3.czi,19,TRUE,28,1.4,24,11,19,9,2.53,7.6,1.67,3.03,
190815_EV38_2_Collagen_ITSwithAsc+Dexa_63x_zstack_3.czi,20,TRUE,40,1.9,24,10,19,10,2.81,10.7,2.35,3.67,
190815_EV38_2_Collagen_ITSwithAsc+Dexa_63x_zstack_3.czi,21,TRUE,13,0.6,24,10,15,6,1.69,6,1.32,2.14,
190815_EV38_2_Collagen_ITSwithAsc+Dexa_63x_zstack_3.czi,22,TRUE,21,1,24,9,16,8,2.25,7,1.54,2.73,
190815_EV38_2_Collagen_ITSwithAsc+Dexa_63x_zstack_3.czi,23,TRUE,65,3.1,24,6,15,10,2.81,18.8,4.13,5,
190815_EV38_2_Collagen_ITSwithAsc+Dexa_63x_zstack_3.czi,24,TRUE,55,2.7,24,7,18,12,3.38,14.4,3.16,4.62,
190815_EV38_2_Collagen_ITSwithAsc+Dexa_63x_zstack_4.czi,1,TRUE,24,1.2,26,10,19,10,2.81,8.5,1.87,3.38,
190815_EV38_2_Collagen_ITSwithAsc+Dexa_63x_zstack_4.czi,2,TRUE,67,3.2,26,4,14,11,3.1,16.3,3.58,4.74,
190815_EV38_2_Collagen_ITSwithAsc+Dexa_63x_zstack_4.czi,3,TRUE,19,0.9,26,10,17,8,2.25,6.1,1.34,2.62,
190815_EV38_2_Collagen_ITSwithAsc+Dexa_63x_zstack_4.czi,4,TRUE,21,1,26,13,22,10,2.81,7.1,1.55,3.21,
190815_EV38_2_Collagen_ITSwithAsc+Dexa_63x_zstack_4.czi,5,TRUE,48,2.3,26,8,19,12,3.38,14.8,3.25,4.69,
190815_EV38_2_Collagen_ITSwithAsc+Dexa_63x_zstack_4.czi,6,TRUE,64,3.1,26,5,16,12,3.38,16.8,3.68,4.99,
190815_EV38_2_Collagen_ITSwithAsc+Dexa_63x_zstack_4.czi,7,TRUE,47,2.3,26,8,19,12,3.38,14.1,3.09,4.58,
190815_EV38_2_Collagen_ITSwithAsc+Dexa_63x_zstack_4.czi,8,TRUE,43,2.1,26,11,21,11,3.1,11,2.42,3.93,
190815_EV38_2_Collagen_ITSwithAsc+Dexa_63x_zstack_4.czi,9,TRUE,25,1.2,26,11,19,9,2.53,7.1,1.55,2.97,
190815_EV38_2_Collagen_ITSwithAsc+Dexa_63x_zstack_4.czi,10,TRUE,32,1.5,26,9,18,10,2.81,9.4,2.07,3.49,
190815_EV38_2_Collagen_ITSwithAsc+Dexa_63x_zstack_4.czi,11,TRUE,34,1.6,26,8,19,12,3.38,9.2,2.02,3.93,
190815_EV38_2_Collagen_ITSwithAsc+Dexa_63x_zstack_4.czi,12,TRUE,51,2.5,26,9,19,11,3.1,18.3,4.01,5.07,
190815_EV38_2_Collagen_ITSwithAsc+Dexa_63x_zstack_4.czi,13,TRUE,33,1.6,26,8,17,10,2.81,10,2.2,3.57,
190815_EV38_2_Collagen_ITSwithAsc+Dexa_63x_zstack_4.czi,14,TRUE,54,2.6,26,9,20,12,3.38,15.3,3.36,4.76,
190815_EV38_2_Collagen_ITSwithAsc+Dexa_63x_zstack_4.czi,15,TRUE,32,1.5,26,7,16,10,2.81,9.4,2.07,3.49,
190815_EV38_2_Collagen_ITSwithAsc+Dexa_63x_zstack_4.czi,16,TRUE,17,0.8,26,9,17,9,2.53,6,1.32,2.86,
190815_EV38_2_Collagen_ITSwithAsc+Dexa_63x_zstack_4.czi,17,TRUE,33,1.6,26,11,20,10,2.81,8.2,1.81,3.34,
190815_EV38_2_Collagen_ITSwithAsc+Dexa_63x_zstack_4.czi,18,TRUE,48,2.3,26,8,18,11,3.1,14.2,3.11,4.39,
190815_EV38_2_Collagen_ITSwithAsc+Dexa_63x_zstack_4.czi,19,TRUE,33,1.6,26,12,20,9,2.53,11,2.42,3.5,
190815_EV38_2_Collagen_ITSwithAsc+Dexa_63x_zstack_4.czi,20,TRUE,52,2.5,26,10,20,11,3.1,14.6,3.21,4.46,
190815_EV38_2_Collagen_ITSwithAsc+Dexa_63x_zstack_4.czi,21,TRUE,48,2.3,26,7,17,11,3.1,13.9,3.04,4.34,
190815_EV38_2_Collagen_ITSwithAsc+Dexa_63x_zstack_4.czi,22,TRUE,24,1.2,26,11,19,9,2.53,8,1.75,3.08,
190815_EV38_2_Collagen_ITSwithAsc+Dexa_63x_zstack_4.czi,23,TRUE,63,3,26,11,21,11,3.1,16.4,3.61,4.76,
190815_EV38_2_Collagen_ITSwithAsc+Dexa_63x_zstack_5.czi,1,TRUE,26,1.3,22,7,16,10,2.81,8.6,1.88,3.39,
190815_EV38_2_Collagen_ITSwithAsc+Dexa_63x_zstack_5.czi,2,TRUE,22,1.1,22,7,15,9,2.53,6.3,1.39,2.89,
190815_EV38_2_Collagen_ITSwithAsc+Dexa_63x_zstack_5.czi,3,TRUE,18,0.9,22,7,12,6,1.69,7,1.54,2.29,
190815_EV38_2_Collagen_ITSwithAsc+Dexa_63x_zstack_5.czi,4,TRUE,34,1.6,22,3,13,11,3.1,10.1,2.21,3.8,
190815_EV38_2_Collagen_ITSwithAsc+Dexa_63x_zstack_5.czi,5,TRUE,32,1.5,22,3,12,10,2.81,8.1,1.78,3.33,
190815_EV38_2_Collagen_ITSwithAsc+Dexa_63x_zstack_5.czi,6,TRUE,50,2.4,22,4,13,10,2.81,15.8,3.47,4.47,
190815_EV38_2_Collagen_ITSwithAsc+Dexa_63x_zstack_5.czi,7,TRUE,26,1.3,22,7,16,10,2.81,6.1,1.33,3.11,
190815_EV38_2_Collagen_ITSwithAsc+Dexa_63x_zstack_5.czi,8,TRUE,42,2,22,4,12,9,2.53,11.4,2.51,3.56,
190815_EV38_2_Collagen_ITSwithAsc+Dexa_63x_zstack_5.czi,9,TRUE,36,1.7,22,6,17,12,3.38,9,1.99,3.92,
190815_EV38_2_Collagen_ITSwithAsc+Dexa_63x_zstack_5.czi,10,TRUE,24,1.2,22,8,16,9,2.53,7,1.54,2.96,
190815_EV38_2_Collagen_ITSwithAsc+Dexa_63x_zstack_5.czi,11,TRUE,31,1.5,22,4,13,10,2.81,9.5,2.08,3.5,
190815_EV38_2_Collagen_ITSwithAsc+Dexa_63x_zstack_5.czi,12,TRUE,26,1.3,22,6,15,10,2.81,7.8,1.72,3.3,
190815_EV38_2_Collagen_ITSwithAsc+Dexa_63x_zstack_5.czi,13,TRUE,34,1.6,22,6,14,9,2.53,12,2.63,3.65,
190815_EV38_2_Collagen_ITSwithAsc+Dexa_63x_zstack_5.czi,14,TRUE,47,2.3,22,4,13,10,2.81,15.1,3.33,4.36,
190815_EV38_2_Collagen_ITSwithAsc+Dexa_63x_zstack_5.czi,15,TRUE,25,1.2,22,11,19,9,2.53,7.3,1.6,3,
190815_EV38_2_Collagen_ITSwithAsc+Dexa_63x_zstack_5.czi,16,TRUE,55,2.7,22,5,15,11,3.1,15.3,3.37,4.57,
190815_EV38_2_Collagen_ITSwithAsc+Dexa_63x_zstack_5.czi,17,TRUE,20,1,22,5,12,8,2.25,7,1.55,2.73,
190815_EV38_2_Collagen_ITSwithAsc+Dexa_63x_zstack_5.czi,18,TRUE,49,2.4,22,7,16,10,2.81,15.2,3.35,4.37,
190815_EV38_2_Collagen_ITSwithAsc+Dexa_63x_zstack_5.czi,19,TRUE,18,0.9,22,5,13,9,2.53,6.3,1.38,2.88,
190815_EV38_2_Collagen_ITSwithAsc+Dexa_63x_zstack_5.czi,20,TRUE,38,1.8,22,7,15,9,2.53,15,3.3,4.16,
190815_EV38_2_Collagen_ITSwithAsc+Dexa_63x_zstack_5.czi,21,TRUE,22,1.1,22,7,15,9,2.53,7.7,1.7,3.05,
190815_EV38_2_Collagen_ITSwithAsc+Dexa_63x_zstack_5.czi,22,TRUE,24,1.2,22,6,15,10,2.81,7.4,1.63,3.25,
190815_EV38_2_Collagen_ITSwithAsc+Dexa_63x_zstack_5.czi,23,TRUE,38,1.8,22,3,12,10,2.81,11.1,2.44,3.73,
190815_EV38_2_Collagen_ITSwithAsc+Dexa_63x_zstack_5.czi,24,TRUE,29,1.4,22,8,17,10,2.81,8.4,1.85,3.37,
190815_EV38_2_Collagen_ITSwithAsc+Dexa_63x_zstack_5.czi,25,TRUE,32,1.5,22,8,16,9,2.53,10.7,2.35,3.45,
190815_EV38_2_Collagen_ITSwithAsc+Dexa_63x_zstack_5.czi,26,FALSE,21,1,22,5,14,10,2.81,6.1,1.34,3.12,
190815_EV38_2_Collagen_ITSwithAsc+Dexa_63x_zstack_5.czi,27,TRUE,18,0.9,22,7,13,7,1.97,5.3,1.17,2.29,
190815_EV38_2_Collagen_ITSwithAsc+Dexa_63x_zstack_6.czi,1,TRUE,58,2.8,30,6,14,9,2.53,13.6,2.98,3.91,
190815_EV38_2_Collagen_ITSwithAsc+Dexa_63x_zstack_6.czi,2,TRUE,49,2.4,30,4,15,12,3.38,14.2,3.12,4.6,
190815_EV38_2_Collagen_ITSwithAsc+Dexa_63x_zstack_6.czi,3,TRUE,53,2.6,30,8,19,12,3.38,12.1,2.66,4.3,
190815_EV38_2_Collagen_ITSwithAsc+Dexa_63x_zstack_6.czi,4,TRUE,28,1.4,30,10,19,10,2.81,7,1.54,3.21,
190815_EV38_2_Collagen_ITSwithAsc+Dexa_63x_zstack_6.czi,5,TRUE,23,1.1,30,11,19,9,2.53,6.1,1.34,2.87,
190815_EV38_2_Collagen_ITSwithAsc+Dexa_63x_zstack_6.czi,6,TRUE,31,1.5,30,11,22,12,3.38,7.3,1.6,3.74,
190815_EV38_2_Collagen_ITSwithAsc+Dexa_63x_zstack_6.czi,7,TRUE,40,1.9,30,9,18,10,2.81,10.1,2.21,3.58,
190815_EV38_2_Collagen_ITSwithAsc+Dexa_63x_zstack_6.czi,8,TRUE,38,1.8,30,9,18,10,2.81,11.2,2.47,3.74,
190815_EV38_2_Collagen_ITSwithAsc+Dexa_63x_zstack_6.czi,9,TRUE,59,2.8,30,5,16,12,3.38,14.6,3.21,4.66,
190815_EV38_2_Collagen_ITSwithAsc+Dexa_63x_zstack_6.czi,10,TRUE,45,2.2,30,11,22,12,3.38,9,1.99,3.92,
190815_EV38_2_Collagen_ITSwithAsc+Dexa_63x_zstack_6.czi,11,TRUE,42,2,30,7,17,11,3.1,10.2,2.24,3.82,
190815_EV38_2_Collagen_ITSwithAsc+Dexa_63x_zstack_6.czi,12,TRUE,34,1.6,30,9,18,10,2.81,11.8,2.6,3.83,
190815_EV38_2_Collagen_ITSwithAsc+Dexa_63x_zstack_6.czi,13,TRUE,45,2.2,30,12,21,10,2.81,12,2.64,3.86,
190815_EV38_2_Collagen_ITSwithAsc+Dexa_63x_zstack_6.czi,14,TRUE,55,2.7,30,6,16,11,3.1,13.4,2.94,4.27,
190815_EV38_2_Collagen_ITSwithAsc+Dexa_63x_zstack_6.czi,15,TRUE,18,0.9,30,15,24,10,2.81,6,1.33,3.11,
190815_EV38_2_Collagen_ITSwithAsc+Dexa_63x_zstack_6.czi,16,TRUE,44,2.1,30,9,18,10,2.81,12.4,2.73,3.92,
190815_EV38_2_Collagen_ITSwithAsc+Dexa_63x_zstack_6.czi,17,TRUE,56,2.7,30,9,19,11,3.1,12.3,2.69,4.1,
190815_EV38_2_Collagen_ITSwithAsc+Dexa_63x_zstack_6.czi,18,TRUE,27,1.3,30,11,18,8,2.25,7.9,1.73,2.84,
190815_EV38_2_Collagen_ITSwithAsc+Dexa_63x_zstack_7.czi,1,TRUE,21,1,25,8,16,9,2.53,7.4,1.62,3.01,
190815_EV38_2_Collagen_ITSwithAsc+Dexa_63x_zstack_7.czi,2,TRUE,26,1.3,25,6,14,9,2.53,8.1,1.77,3.09,
190815_EV38_2_Collagen_ITSwithAsc+Dexa_63x_zstack_7.czi,3,TRUE,38,1.8,25,10,20,11,3.1,11.8,2.59,4.03,
190815_EV38_2_Collagen_ITSwithAsc+Dexa_63x_zstack_7.czi,4,TRUE,40,1.9,25,6,14,9,2.53,12.7,2.79,3.77,
190815_EV38_2_Collagen_ITSwithAsc+Dexa_63x_zstack_7.czi,5,TRUE,33,1.6,25,8,14,7,1.97,13.2,2.9,3.5,
190815_EV38_2_Collagen_ITSwithAsc+Dexa_63x_zstack_7.czi,6,TRUE,69,3.3,25,5,16,12,3.38,16.7,3.66,4.98,
190815_EV38_2_Collagen_ITSwithAsc+Dexa_63x_zstack_7.czi,7,TRUE,29,1.4,25,7,15,9,2.53,9.3,2.04,3.25,
190815_EV38_2_Collagen_ITSwithAsc+Dexa_63x_zstack_7.czi,8,TRUE,36,1.7,25,9,17,9,2.53,11.1,2.45,3.52,
190815_EV38_2_Collagen_ITSwithAsc+Dexa_63x_zstack_7.czi,9,TRUE,42,2,25,8,17,10,2.81,11.5,2.53,3.78,
190815_EV38_2_Collagen_ITSwithAsc+Dexa_63x_zstack_7.czi,10,TRUE,28,1.4,25,7,15,9,2.53,9.3,2.04,3.25,
190815_EV38_2_Collagen_ITSwithAsc+Dexa_63x_zstack_7.czi,11,TRUE,39,1.9,25,7,18,12,3.38,10.5,2.3,4.09,
190815_EV38_2_Collagen_ITSwithAsc+Dexa_63x_zstack_7.czi,12,FALSE,16,0.8,25,9,15,7,1.97,5,1.1,2.26,
190815_EV38_2_Collagen_ITSwithAsc+Dexa_63x_zstack_7.czi,13,TRUE,23,1.1,25,12,21,10,2.81,6,1.32,3.11,
190815_EV38_2_Collagen_ITSwithAsc+Dexa_63x_zstack_7.czi,14,TRUE,33,1.6,25,7,17,11,3.1,8.5,1.86,3.61,
190815_EV38_2_Collagen_ITSwithAsc+Dexa_63x_zstack_7.czi,15,TRUE,22,1.1,25,8,16,9,2.53,6.5,1.44,2.91,
190815_EV38_2_Collagen_ITSwithAsc+Dexa_63x_zstack_7.czi,16,TRUE,46,2.2,25,10,19,10,2.81,13.1,2.87,4.02,
190815_EV38_2_Collagen_ITSwithAsc+Dexa_63x_zstack_7.czi,17,TRUE,52,2.5,25,8,19,12,3.38,12.4,2.73,4.34,
190815_EV38_2_Collagen_ITSwithAsc+Dexa_63x_zstack_7.czi,18,TRUE,45,2.2,25,9,19,11,3.1,12.8,2.81,4.18,
190815_EV38_2_Collagen_ITSwithAsc+Dexa_63x_zstack_7.czi,19,TRUE,33,1.6,25,7,15,9,2.53,12,2.64,3.66,
190815_EV38_2_Collagen_ITSwithAsc+Dexa+IGF+TGF_63x_zstack_1.czi,1,TRUE,26,1.3,26,11,21,11,3.1,6.7,1.48,3.43,
190815_EV38_2_Collagen_ITSwithAsc+Dexa+IGF+TGF_63x_zstack_1.czi,2,FALSE,26,1.3,26,12,21,10,2.81,6.1,1.34,3.12,
190815_EV38_2_Collagen_ITSwithAsc+Dexa+IGF+TGF_63x_zstack_1.czi,3,TRUE,39,1.9,26,11,21,11,3.1,9,1.98,3.67,
190815_EV38_2_Collagen_ITSwithAsc+Dexa+IGF+TGF_63x_zstack_1.czi,4,TRUE,28,1.4,26,12,18,7,1.97,7,1.54,2.5,
190815_EV38_2_Collagen_ITSwithAsc+Dexa+IGF+TGF_63x_zstack_1.czi,5,FALSE,62,3,26,10,20,11,3.1,10,2.2,3.8,
190815_EV38_2_Collagen_ITSwithAsc+Dexa+IGF+TGF_63x_zstack_1.czi,6,TRUE,26,1.3,26,10,20,11,3.1,6.8,1.49,3.43,yes
190815_EV38_2_Collagen_ITSwithAsc+Dexa+IGF+TGF_63x_zstack_1.czi,7,TRUE,70,3.4,26,8,20,13,3.66,12.7,2.78,4.6,
190815_EV38_2_Collagen_ITSwithAsc+Dexa+IGF+TGF_63x_zstack_1.czi,8,TRUE,19,0.9,26,18,23,6,1.69,6.2,1.37,2.17,
190815_EV38_2_Collagen_ITSwithAsc+Dexa+IGF+TGF_63x_zstack_1.czi,9,TRUE,69,3.3,26,10,20,11,3.1,10.2,2.24,3.82,
190815_EV38_2_Collagen_ITSwithAsc+Dexa+IGF+TGF_63x_zstack_1.czi,10,FALSE,29,1.4,26,15,22,8,2.25,6.3,1.38,2.64,
190815_EV38_2_Collagen_ITSwithAsc+Dexa+IGF+TGF_63x_zstack_1.czi,11,TRUE,45,2.2,26,10,19,10,2.81,9,1.98,3.44,
190815_EV38_2_Collagen_ITSwithAsc+Dexa+IGF+TGF_63x_zstack_2.czi,1,TRUE,65,3.1,24,10,24,15,4.22,14.2,3.12,5.25,
190815_EV38_2_Collagen_ITSwithAsc+Dexa+IGF+TGF_63x_zstack_2.czi,2,TRUE,44,2.1,24,13,22,10,2.81,12,2.64,3.86,
190815_EV38_2_Collagen_ITSwithAsc+Dexa+IGF+TGF_63x_zstack_2.czi,3,TRUE,31,1.5,24,13,23,11,3.1,10.2,2.24,3.82,
190815_EV38_2_Collagen_ITSwithAsc+Dexa+IGF+TGF_63x_zstack_2.czi,4,TRUE,29,1.4,24,14,22,9,2.53,8.9,1.95,3.2,
190815_EV38_2_Collagen_ITSwithAsc+Dexa+IGF+TGF_63x_zstack_2.czi,5,FALSE,20,1,24,14,21,8,2.25,6.1,1.34,2.62,
190815_EV38_2_Collagen_ITSwithAsc+Dexa+IGF+TGF_63x_zstack_2.czi,6,TRUE,40,1.9,24,15,24,10,2.81,9,1.98,3.44,
190815_EV38_2_Collagen_ITSwithAsc+Dexa+IGF+TGF_63x_zstack_2.czi,7,TRUE,34,1.6,24,16,24,9,2.53,11.2,2.46,3.53,
190815_EV38_2_Collagen_ITSwithAsc+Dexa+IGF+TGF_63x_zstack_2.czi,8,FALSE,20,1,24,15,20,6,1.69,5.2,1.13,2.03,yes
190815_EV38_2_Collagen_ITSwithAsc+Dexa+IGF+TGF_63x_zstack_2.czi,9,TRUE,47,2.3,24,12,22,11,3.1,11.2,2.46,3.95,
190815_EV38_2_Collagen_ITSwithAsc+Dexa+IGF+TGF_63x_zstack_2.czi,10,TRUE,31,1.5,24,15,24,10,2.81,9.1,1.99,3.45,
190815_EV38_2_Collagen_ITSwithAsc+Dexa+IGF+TGF_63x_zstack_2.czi,11,TRUE,36,1.7,24,11,21,11,3.1,9,1.98,3.68,
190815_EV38_2_Collagen_ITSwithAsc+Dexa+IGF+TGF_63x_zstack_2.czi,12,TRUE,25,1.2,24,16,24,9,2.53,6.9,1.51,2.95,
190815_EV38_2_Collagen_ITSwithAsc+Dexa+IGF+TGF_63x_zstack_2.czi,13,TRUE,50,2.4,24,11,22,12,3.38,11.8,2.6,4.26,
190815_EV38_2_Collagen_ITSwithAsc+Dexa+IGF+TGF_63x_zstack_2.czi,14,TRUE,27,1.3,24,13,21,9,2.53,9.2,2.01,3.23,
190815_EV38_2_Collagen_ITSwithAsc+Dexa+IGF+TGF_63x_zstack_2.czi,15,TRUE,28,1.4,24,12,20,9,2.53,8,1.77,3.09,
190815_EV38_2_Collagen_ITSwithAsc+Dexa+IGF+TGF_63x_zstack_2.czi,16,TRUE,43,2.1,24,11,21,11,3.1,11.1,2.45,3.95,
190815_EV38_2_Collagen_ITSwithAsc+Dexa+IGF+TGF_63x_zstack_3.czi,1,TRUE,21,1,21,7,16,10,2.81,7,1.54,3.21,
190815_EV38_2_Collagen_ITSwithAsc+Dexa+IGF+TGF_63x_zstack_3.czi,2,TRUE,30,1.4,21,4,13,10,2.81,7.3,1.61,3.24,yes
190815_EV38_2_Collagen_ITSwithAsc+Dexa+IGF+TGF_63x_zstack_3.czi,3,TRUE,22,1.1,21,6,15,10,2.81,9.1,1.99,3.45,
190815_EV38_2_Collagen_ITSwithAsc+Dexa+IGF+TGF_63x_zstack_3.czi,4,TRUE,18,0.9,21,11,20,10,2.81,5,1.1,3.02,
190815_EV38_2_Collagen_ITSwithAsc+Dexa+IGF+TGF_63x_zstack_3.czi,5,TRUE,29,1.4,21,2,12,11,3.1,8,1.76,3.56,
190815_EV38_2_Collagen_ITSwithAsc+Dexa+IGF+TGF_63x_zstack_3.czi,6,TRUE,32,1.5,21,7,16,10,2.81,11.4,2.5,3.77,
190815_EV38_2_Collagen_ITSwithAsc+Dexa+IGF+TGF_63x_zstack_3.czi,7,FALSE,19,0.9,21,6,16,11,3.1,5,1.1,3.28,
190815_EV38_2_Collagen_ITSwithAsc+Dexa+IGF+TGF_63x_zstack_3.czi,8,TRUE,26,1.3,21,5,14,10,2.81,8.4,1.85,3.37,
190815_EV38_2_Collagen_ITSwithAsc+Dexa+IGF+TGF_63x_zstack_3.czi,9,TRUE,27,1.3,21,7,16,10,2.81,9.2,2.02,3.46,
190815_EV38_2_Collagen_ITSwithAsc+Dexa+IGF+TGF_63x_zstack_3.czi,10,TRUE,28,1.4,21,5,12,8,2.25,10.1,2.22,3.16,
190815_EV38_2_Collagen_ITSwithAsc+Dexa+IGF+TGF_63x_zstack_3.czi,11,TRUE,30,1.4,21,4,14,11,3.1,8.7,1.92,3.64,
190815_EV38_2_Collagen_ITSwithAsc+Dexa+IGF+TGF_63x_zstack_3.czi,12,FALSE,20,1,21,6,14,9,2.53,6,1.32,2.86,
190815_EV38_2_Collagen_ITSwithAsc+Dexa+IGF+TGF_63x_zstack_3.czi,13,TRUE,7,0.3,21,14,20,7,1.97,4,0.88,2.16,
190815_EV38_2_Collagen_ITSwithAsc+Dexa+IGF+TGF_63x_zstack_3.czi,14,TRUE,15,0.7,21,10,15,6,1.69,5,1.11,2.02,
190815_EV38_2_Collagen_ITSwithAsc+Dexa+IGF+TGF_63x_zstack_3.czi,15,TRUE,18,0.9,21,7,14,8,2.25,6,1.32,2.61,
190815_EV38_2_Collagen_ITSwithAsc+Dexa+IGF+TGF_63x_zstack_3.czi,16,TRUE,25,1.2,21,8,18,11,3.1,7.5,1.64,3.5,
190815_EV38_2_Collagen_ITSwithAsc+Dexa+IGF+TGF_63x_zstack_3.czi,17,TRUE,24,1.2,21,8,17,10,2.81,9,1.99,3.44,
190815_EV38_2_Collagen_ITSwithAsc+Dexa+IGF+TGF_63x_zstack_3.czi,18,TRUE,29,1.4,21,10,18,9,2.53,8.5,1.86,3.14,
190815_EV38_2_Collagen_ITSwithAsc+Dexa+IGF+TGF_63x_zstack_3.czi,19,TRUE,26,1.3,21,6,15,10,2.81,8.6,1.88,3.39,
190815_EV38_2_Collagen_ITSwithAsc+Dexa+IGF+TGF_63x_zstack_3.czi,20,TRUE,24,1.2,21,9,17,9,2.53,9.1,2,3.22,
190815_EV38_2_Collagen_ITSwithAsc+Dexa+IGF+TGF_63x_zstack_3.czi,21,TRUE,23,1.1,21,8,17,10,2.81,6,1.32,3.11,
190815_EV38_2_Collagen_ITSwithAsc+Dexa+IGF+TGF_63x_zstack_3.czi,22,TRUE,14,0.7,21,9,15,7,1.97,7,1.54,2.5,
190815_EV38_2_Collagen_ITSwithAsc+Dexa+IGF+TGF_63x_zstack_3.czi,23,TRUE,19,0.9,21,7,13,7,1.97,6.1,1.34,2.38,
190815_EV38_2_Collagen_ITSwithAsc+Dexa+IGF+TGF_63x_zstack_4.czi,1,TRUE,36,1.7,26,7,15,9,2.53,9.3,2.05,3.26,yes
190815_EV38_2_Collagen_ITSwithAsc+Dexa+IGF+TGF_63x_zstack_4.czi,2,FALSE,27,1.3,26,6,16,11,3.1,6,1.32,3.36,yes
190815_EV38_2_Collagen_ITSwithAsc+Dexa+IGF+TGF_63x_zstack_4.czi,3,TRUE,50,2.4,26,6,17,12,3.38,12.7,2.79,4.38,
190815_EV38_2_Collagen_ITSwithAsc+Dexa+IGF+TGF_63x_zstack_4.czi,4,FALSE,20,1,26,8,18,11,3.1,5,1.1,3.28,
190815_EV38_2_Collagen_ITSwithAsc+Dexa+IGF+TGF_63x_zstack_4.czi,5,TRUE,38,1.8,26,6,16,11,3.1,9,1.97,3.67,
190815_EV38_2_Collagen_ITSwithAsc+Dexa+IGF+TGF_63x_zstack_4.czi,6,TRUE,56,2.7,26,5,17,13,3.66,12.3,2.7,4.54,
190815_EV38_2_Collagen_ITSwithAsc+Dexa+IGF+TGF_63x_zstack_4.czi,7,FALSE,22,1.1,26,8,16,9,2.53,6.1,1.33,2.86,yes
190815_EV38_2_Collagen_ITSwithAsc+Dexa+IGF+TGF_63x_zstack_4.czi,8,FALSE,24,1.2,26,9,17,9,2.53,6,1.32,2.85,
190815_EV38_2_Collagen_ITSwithAsc+Dexa+IGF+TGF_63x_zstack_4.czi,9,TRUE,19,0.9,26,11,18,8,2.25,5.5,1.2,2.55,
190815_EV38_2_Collagen_ITSwithAsc+Dexa+IGF+TGF_63x_zstack_4.czi,10,TRUE,21,1,26,11,21,11,3.1,7,1.54,3.46,
190815_EV38_2_Collagen_ITSwithAsc+Dexa+IGF+TGF_63x_zstack_4.czi,11,TRUE,35,1.7,26,8,17,10,2.81,10,2.2,3.57,
190815_EV38_2_Collagen_ITSwithAsc+Dexa+IGF+TGF_63x_zstack_4.czi,12,TRUE,25,1.2,26,10,18,9,2.53,7,1.54,2.96,
190815_EV38_2_Collagen_ITSwithAsc+Dexa+IGF+TGF_63x_zstack_4.czi,13,TRUE,41,2,26,8,17,10,2.81,12.5,2.75,3.94,yes
190815_EV38_2_Collagen_ITSwithAsc+Dexa+IGF+TGF_63x_zstack_4.czi,14,TRUE,39,1.9,26,6,16,11,3.1,12,2.64,4.07,
190815_EV38_2_Collagen_ITSwithAsc+Dexa+IGF+TGF_63x_zstack_4.czi,15,TRUE,22,1.1,26,12,19,8,2.25,8.5,1.87,2.93,
190815_EV38_2_Collagen_ITSwithAsc+Dexa+IGF+TGF_63x_zstack_4.czi,16,TRUE,23,1.1,26,12,20,9,2.53,7.6,1.66,3.03,
190815_EV38_2_Collagen_ITSwithAsc+Dexa+IGF+TGF_63x_zstack_4.czi,17,TRUE,30,1.4,26,7,16,10,2.81,11.1,2.43,3.72,
190815_EV38_2_Collagen_ITSwithAsc+Dexa+IGF+TGF_63x_zstack_4.czi,18,TRUE,43,2.1,26,11,20,10,2.81,12.1,2.66,3.87,
190815_EV38_2_Collagen_ITSwithAsc+Dexa+IGF+TGF_63x_zstack_4.czi,19,TRUE,17,0.8,26,15,24,10,2.81,5.1,1.11,3.03,
190815_EV38_2_Collagen_ITSwithAsc+Dexa+IGF+TGF_63x_zstack_4.czi,20,TRUE,23,1.1,26,8,17,10,2.81,6.2,1.36,3.13,
190815_EV38_2_Collagen_ITSwithAsc+Dexa+IGF+TGF_63x_zstack_4.czi,21,TRUE,40,1.9,26,10,20,11,3.1,10.3,2.26,3.83,
190815_EV38_2_Collagen_ITSwithAsc+Dexa+IGF+TGF_63x_zstack_4.czi,22,TRUE,17,0.8,26,9,16,8,2.25,6.2,1.36,2.63,
190815_EV38_2_Collagen_ITSwithAsc+Dexa+IGF+TGF_63x_zstack_4.czi,23,TRUE,30,1.4,26,10,19,10,2.81,9.3,2.03,3.47,
190815_EV38_2_Collagen_ITSwithAsc+Dexa+IGF+TGF_63x_zstack_4.czi,24,TRUE,22,1.1,26,13,19,7,1.97,6.2,1.37,2.4,
190815_EV38_2_Collagen_ITSwithAsc+Dexa+IGF+TGF_63x_zstack_4.czi,25,TRUE,46,2.2,26,11,22,12,3.38,9.1,2,3.93,yes
190815_EV38_2_Collagen_ITSwithAsc+Dexa+IGF+TGF_63x_zstack_5.czi,1,TRUE,27,1.3,21,7,15,9,2.53,8.2,1.79,3.1,
190815_EV38_2_Collagen_ITSwithAsc+Dexa+IGF+TGF_63x_zstack_5.czi,2,TRUE,30,1.4,21,3,16,14,3.94,7,1.55,4.23,yes
190815_EV38_2_Collagen_ITSwithAsc+Dexa+IGF+TGF_63x_zstack_5.czi,3,TRUE,26,1.3,21,9,17,9,2.53,7.6,1.68,3.04,
190815_EV38_2_Collagen_ITSwithAsc+Dexa+IGF+TGF_63x_zstack_5.czi,4,TRUE,34,1.6,21,8,17,10,2.81,9.9,2.17,3.55,
190815_EV38_2_Collagen_ITSwithAsc+Dexa+IGF+TGF_63x_zstack_5.czi,5,TRUE,24,1.2,21,9,17,9,2.53,7.6,1.67,3.04,
190815_EV38_2_Collagen_ITSwithAsc+Dexa+IGF+TGF_63x_zstack_5.czi,6,TRUE,23,1.1,21,6,14,9,2.53,10.4,2.28,3.41,
190815_EV38_2_Collagen_ITSwithAsc+Dexa+IGF+TGF_63x_zstack_5.czi,7,TRUE,22,1.1,21,9,16,8,2.25,8.2,1.81,2.89,
190815_EV38_2_Collagen_ITSwithAsc+Dexa+IGF+TGF_63x_zstack_5.czi,8,TRUE,26,1.3,21,8,16,9,2.53,8.4,1.86,3.14,
190815_EV38_2_Collagen_ITSwithAsc+Dexa+IGF+TGF_63x_zstack_5.czi,9,TRUE,23,1.1,21,11,18,8,2.25,6.6,1.44,2.67,
190815_EV38_2_Collagen_ITSwithAsc+Dexa+IGF+TGF_63x_zstack_5.czi,10,TRUE,25,1.2,21,8,16,9,2.53,7.5,1.65,3.02,
190815_EV38_2_Collagen_ITSwithAsc+Dexa+IGF+TGF_63x_zstack_5.czi,11,FALSE,17,0.8,21,10,16,7,1.97,5,1.1,2.26,
190815_EV38_2_Collagen_ITSwithAsc+Dexa+IGF+TGF_63x_zstack_5.czi,12,TRUE,36,1.7,21,11,19,9,2.53,11.6,2.55,3.59,
